resampling_technique;hyperparameters;accuracy;precision;recall;f1-score
RandomOverSampler;{'batch_size': 16, 'bilstm_neuron': 32, 'dropout_rate': 0.1, 'lr': 0.01, 'neuron': 32, 'optimizer': 'adam'};95.29%;91.55%;99.79%;95.49%
RandomOverSampler;{'batch_size': 16, 'bilstm_neuron': 32, 'dropout_rate': 0.1, 'lr': 0.01, 'neuron': 64, 'optimizer': 'adam'};94.84%;91.27%;99.17%;95.05%
RandomOverSampler;{'batch_size': 16, 'bilstm_neuron': 32, 'dropout_rate': 0.1, 'lr': 0.01, 'neuron': 128, 'optimizer': 'adam'};94.50%;92.02%;97.44%;94.65%
RandomOverSampler;{'batch_size': 16, 'bilstm_neuron': 32, 'dropout_rate': 0.1, 'lr': 0.001, 'neuron': 32, 'optimizer': 'adam'};95.40%;91.83%;99.65%;95.58%
RandomOverSampler;{'batch_size': 16, 'bilstm_neuron': 32, 'dropout_rate': 0.1, 'lr': 0.001, 'neuron': 64, 'optimizer': 'adam'};94.91%;92.92%;97.23%;95.03%
RandomOverSampler;{'batch_size': 16, 'bilstm_neuron': 32, 'dropout_rate': 0.1, 'lr': 0.001, 'neuron': 128, 'optimizer': 'adam'};94.12%;90.27%;98.89%;94.38%
RandomOverSampler;{'batch_size': 16, 'bilstm_neuron': 32, 'dropout_rate': 0.1, 'lr': 0.0001, 'neuron': 32, 'optimizer': 'adam'};95.50%;92.22%;99.38%;95.67%
RandomOverSampler;{'batch_size': 16, 'bilstm_neuron': 32, 'dropout_rate': 0.1, 'lr': 0.0001, 'neuron': 64, 'optimizer': 'adam'};96.02%;93.23%;99.24%;96.14%
RandomOverSampler;{'batch_size': 16, 'bilstm_neuron': 32, 'dropout_rate': 0.1, 'lr': 0.0001, 'neuron': 128, 'optimizer': 'adam'};95.71%;92.86%;99.03%;95.84%
RandomOverSampler;{'batch_size': 16, 'bilstm_neuron': 32, 'dropout_rate': 0.2, 'lr': 0.01, 'neuron': 32, 'optimizer': 'adam'};96.40%;93.51%;99.72%;96.51%
RandomOverSampler;{'batch_size': 16, 'bilstm_neuron': 32, 'dropout_rate': 0.2, 'lr': 0.01, 'neuron': 64, 'optimizer': 'adam'};95.40%;91.94%;99.52%;95.58%
RandomOverSampler;{'batch_size': 16, 'bilstm_neuron': 32, 'dropout_rate': 0.2, 'lr': 0.01, 'neuron': 128, 'optimizer': 'adam'};95.78%;93.09%;98.89%;95.90%
RandomOverSampler;{'batch_size': 16, 'bilstm_neuron': 32, 'dropout_rate': 0.2, 'lr': 0.001, 'neuron': 32, 'optimizer': 'adam'};95.57%;92.67%;98.96%;95.71%
RandomOverSampler;{'batch_size': 16, 'bilstm_neuron': 32, 'dropout_rate': 0.2, 'lr': 0.001, 'neuron': 64, 'optimizer': 'adam'};96.64%;93.88%;99.79%;96.74%
RandomOverSampler;{'batch_size': 16, 'bilstm_neuron': 32, 'dropout_rate': 0.2, 'lr': 0.001, 'neuron': 128, 'optimizer': 'adam'};95.36%;93.84%;97.09%;95.44%
RandomOverSampler;{'batch_size': 16, 'bilstm_neuron': 32, 'dropout_rate': 0.2, 'lr': 0.0001, 'neuron': 32, 'optimizer': 'adam'};93.25%;89.45%;98.06%;93.56%
RandomOverSampler;{'batch_size': 16, 'bilstm_neuron': 32, 'dropout_rate': 0.2, 'lr': 0.0001, 'neuron': 64, 'optimizer': 'adam'};95.53%;92.34%;99.31%;95.70%
RandomOverSampler;{'batch_size': 16, 'bilstm_neuron': 32, 'dropout_rate': 0.2, 'lr': 0.0001, 'neuron': 128, 'optimizer': 'adam'};95.43%;92.49%;98.89%;95.58%
RandomOverSampler;{'batch_size': 16, 'bilstm_neuron': 32, 'dropout_rate': 0.3, 'lr': 0.01, 'neuron': 32, 'optimizer': 'adam'};95.81%;92.43%;99.79%;95.97%
RandomOverSampler;{'batch_size': 16, 'bilstm_neuron': 32, 'dropout_rate': 0.3, 'lr': 0.01, 'neuron': 64, 'optimizer': 'adam'};95.15%;92.12%;98.75%;95.32%
RandomOverSampler;{'batch_size': 16, 'bilstm_neuron': 32, 'dropout_rate': 0.3, 'lr': 0.01, 'neuron': 128, 'optimizer': 'adam'};96.43%;93.45%;99.86%;96.55%
RandomOverSampler;{'batch_size': 16, 'bilstm_neuron': 32, 'dropout_rate': 0.3, 'lr': 0.001, 'neuron': 32, 'optimizer': 'adam'};95.26%;91.60%;99.65%;95.46%
RandomOverSampler;{'batch_size': 16, 'bilstm_neuron': 32, 'dropout_rate': 0.3, 'lr': 0.001, 'neuron': 64, 'optimizer': 'adam'};96.09%;92.80%;99.93%;96.23%
RandomOverSampler;{'batch_size': 16, 'bilstm_neuron': 32, 'dropout_rate': 0.3, 'lr': 0.001, 'neuron': 128, 'optimizer': 'adam'};94.53%;90.19%;99.93%;94.81%
RandomOverSampler;{'batch_size': 16, 'bilstm_neuron': 32, 'dropout_rate': 0.3, 'lr': 0.0001, 'neuron': 32, 'optimizer': 'adam'};94.15%;90.32%;98.89%;94.41%
RandomOverSampler;{'batch_size': 16, 'bilstm_neuron': 32, 'dropout_rate': 0.3, 'lr': 0.0001, 'neuron': 64, 'optimizer': 'adam'};94.84%;91.64%;98.68%;95.03%
RandomOverSampler;{'batch_size': 16, 'bilstm_neuron': 32, 'dropout_rate': 0.3, 'lr': 0.0001, 'neuron': 128, 'optimizer': 'adam'};95.85%;92.60%;99.65%;96.00%
RandomOverSampler;{'batch_size': 16, 'bilstm_neuron': 32, 'dropout_rate': 0.4, 'lr': 0.01, 'neuron': 32, 'optimizer': 'adam'};94.95%;91.82%;98.68%;95.13%
RandomOverSampler;{'batch_size': 16, 'bilstm_neuron': 32, 'dropout_rate': 0.4, 'lr': 0.01, 'neuron': 64, 'optimizer': 'adam'};95.12%;91.26%;99.79%;95.34%
RandomOverSampler;{'batch_size': 16, 'bilstm_neuron': 32, 'dropout_rate': 0.4, 'lr': 0.01, 'neuron': 128, 'optimizer': 'adam'};93.91%;91.38%;96.95%;94.09%
RandomOverSampler;{'batch_size': 16, 'bilstm_neuron': 32, 'dropout_rate': 0.4, 'lr': 0.001, 'neuron': 32, 'optimizer': 'adam'};93.46%;89.49%;98.48%;93.77%
RandomOverSampler;{'batch_size': 16, 'bilstm_neuron': 32, 'dropout_rate': 0.4, 'lr': 0.001, 'neuron': 64, 'optimizer': 'adam'};93.35%;89.72%;97.92%;93.64%
RandomOverSampler;{'batch_size': 16, 'bilstm_neuron': 32, 'dropout_rate': 0.4, 'lr': 0.001, 'neuron': 128, 'optimizer': 'adam'};95.71%;92.15%;99.93%;95.88%
RandomOverSampler;{'batch_size': 16, 'bilstm_neuron': 32, 'dropout_rate': 0.4, 'lr': 0.0001, 'neuron': 32, 'optimizer': 'adam'};95.64%;92.08%;99.86%;95.81%
RandomOverSampler;{'batch_size': 16, 'bilstm_neuron': 32, 'dropout_rate': 0.4, 'lr': 0.0001, 'neuron': 64, 'optimizer': 'adam'};96.43%;93.57%;99.72%;96.55%
RandomOverSampler;{'batch_size': 16, 'bilstm_neuron': 32, 'dropout_rate': 0.4, 'lr': 0.0001, 'neuron': 128, 'optimizer': 'adam'};94.01%;90.76%;97.99%;94.24%
RandomOverSampler;{'batch_size': 16, 'bilstm_neuron': 32, 'dropout_rate': 0.5, 'lr': 0.01, 'neuron': 32, 'optimizer': 'adam'};96.26%;93.32%;99.65%;96.38%
RandomOverSampler;{'batch_size': 16, 'bilstm_neuron': 32, 'dropout_rate': 0.5, 'lr': 0.01, 'neuron': 64, 'optimizer': 'adam'};93.91%;90.28%;98.41%;94.17%
RandomOverSampler;{'batch_size': 16, 'bilstm_neuron': 32, 'dropout_rate': 0.5, 'lr': 0.01, 'neuron': 128, 'optimizer': 'adam'};96.02%;93.01%;99.52%;96.15%
RandomOverSampler;{'batch_size': 16, 'bilstm_neuron': 32, 'dropout_rate': 0.5, 'lr': 0.001, 'neuron': 32, 'optimizer': 'adam'};95.53%;92.78%;98.75%;95.67%
RandomOverSampler;{'batch_size': 16, 'bilstm_neuron': 32, 'dropout_rate': 0.5, 'lr': 0.001, 'neuron': 64, 'optimizer': 'adam'};95.57%;92.07%;99.72%;95.74%
RandomOverSampler;{'batch_size': 16, 'bilstm_neuron': 32, 'dropout_rate': 0.5, 'lr': 0.001, 'neuron': 128, 'optimizer': 'adam'};94.91%;91.17%;99.45%;95.13%
RandomOverSampler;{'batch_size': 16, 'bilstm_neuron': 32, 'dropout_rate': 0.5, 'lr': 0.0001, 'neuron': 32, 'optimizer': 'adam'};93.22%;89.69%;97.65%;93.50%
RandomOverSampler;{'batch_size': 16, 'bilstm_neuron': 32, 'dropout_rate': 0.5, 'lr': 0.0001, 'neuron': 64, 'optimizer': 'adam'};95.53%;93.69%;97.65%;95.63%
RandomOverSampler;{'batch_size': 16, 'bilstm_neuron': 32, 'dropout_rate': 0.5, 'lr': 0.0001, 'neuron': 128, 'optimizer': 'adam'};95.88%;92.50%;99.86%;96.04%
RandomOverSampler;{'batch_size': 16, 'bilstm_neuron': 64, 'dropout_rate': 0.1, 'lr': 0.01, 'neuron': 32, 'optimizer': 'adam'};95.98%;93.63%;98.68%;96.09%
RandomOverSampler;{'batch_size': 16, 'bilstm_neuron': 64, 'dropout_rate': 0.1, 'lr': 0.01, 'neuron': 64, 'optimizer': 'adam'};95.85%;92.60%;99.65%;96.00%
RandomOverSampler;{'batch_size': 16, 'bilstm_neuron': 64, 'dropout_rate': 0.1, 'lr': 0.01, 'neuron': 128, 'optimizer': 'adam'};95.60%;92.24%;99.58%;95.77%
RandomOverSampler;{'batch_size': 16, 'bilstm_neuron': 64, 'dropout_rate': 0.1, 'lr': 0.001, 'neuron': 32, 'optimizer': 'adam'};96.40%;93.62%;99.58%;96.51%
RandomOverSampler;{'batch_size': 16, 'bilstm_neuron': 64, 'dropout_rate': 0.1, 'lr': 0.001, 'neuron': 64, 'optimizer': 'adam'};96.30%;93.16%;99.93%;96.42%
RandomOverSampler;{'batch_size': 16, 'bilstm_neuron': 64, 'dropout_rate': 0.1, 'lr': 0.001, 'neuron': 128, 'optimizer': 'adam'};96.09%;93.02%;99.65%;96.22%
RandomOverSampler;{'batch_size': 16, 'bilstm_neuron': 64, 'dropout_rate': 0.1, 'lr': 0.0001, 'neuron': 32, 'optimizer': 'adam'};95.15%;92.67%;98.06%;95.29%
RandomOverSampler;{'batch_size': 16, 'bilstm_neuron': 64, 'dropout_rate': 0.1, 'lr': 0.0001, 'neuron': 64, 'optimizer': 'adam'};95.98%;93.34%;99.03%;96.10%
RandomOverSampler;{'batch_size': 16, 'bilstm_neuron': 64, 'dropout_rate': 0.1, 'lr': 0.0001, 'neuron': 128, 'optimizer': 'adam'};96.26%;93.38%;99.58%;96.38%
RandomOverSampler;{'batch_size': 16, 'bilstm_neuron': 64, 'dropout_rate': 0.2, 'lr': 0.01, 'neuron': 32, 'optimizer': 'adam'};96.40%;93.62%;99.58%;96.51%
RandomOverSampler;{'batch_size': 16, 'bilstm_neuron': 64, 'dropout_rate': 0.2, 'lr': 0.01, 'neuron': 64, 'optimizer': 'adam'};96.02%;92.90%;99.65%;96.16%
RandomOverSampler;{'batch_size': 16, 'bilstm_neuron': 64, 'dropout_rate': 0.2, 'lr': 0.01, 'neuron': 128, 'optimizer': 'adam'};95.05%;92.54%;97.99%;95.19%
RandomOverSampler;{'batch_size': 16, 'bilstm_neuron': 64, 'dropout_rate': 0.2, 'lr': 0.001, 'neuron': 32, 'optimizer': 'adam'};96.37%;94.08%;98.96%;96.46%
RandomOverSampler;{'batch_size': 16, 'bilstm_neuron': 64, 'dropout_rate': 0.2, 'lr': 0.001, 'neuron': 64, 'optimizer': 'adam'};95.81%;93.21%;98.82%;95.93%
RandomOverSampler;{'batch_size': 16, 'bilstm_neuron': 64, 'dropout_rate': 0.2, 'lr': 0.001, 'neuron': 128, 'optimizer': 'adam'};95.78%;93.20%;98.75%;95.90%
RandomOverSampler;{'batch_size': 16, 'bilstm_neuron': 64, 'dropout_rate': 0.2, 'lr': 0.0001, 'neuron': 32, 'optimizer': 'adam'};96.02%;93.23%;99.24%;96.14%
RandomOverSampler;{'batch_size': 16, 'bilstm_neuron': 64, 'dropout_rate': 0.2, 'lr': 0.0001, 'neuron': 64, 'optimizer': 'adam'};96.99%;94.73%;99.52%;97.06%
RandomOverSampler;{'batch_size': 16, 'bilstm_neuron': 64, 'dropout_rate': 0.2, 'lr': 0.0001, 'neuron': 128, 'optimizer': 'adam'};95.57%;92.23%;99.52%;95.74%
RandomOverSampler;{'batch_size': 16, 'bilstm_neuron': 64, 'dropout_rate': 0.3, 'lr': 0.01, 'neuron': 32, 'optimizer': 'adam'};96.23%;93.04%;99.93%;96.36%
RandomOverSampler;{'batch_size': 16, 'bilstm_neuron': 64, 'dropout_rate': 0.3, 'lr': 0.01, 'neuron': 64, 'optimizer': 'adam'};94.84%;91.22%;99.24%;95.06%
RandomOverSampler;{'batch_size': 16, 'bilstm_neuron': 64, 'dropout_rate': 0.3, 'lr': 0.01, 'neuron': 128, 'optimizer': 'adam'};95.53%;92.34%;99.31%;95.70%
RandomOverSampler;{'batch_size': 16, 'bilstm_neuron': 64, 'dropout_rate': 0.3, 'lr': 0.001, 'neuron': 32, 'optimizer': 'adam'};95.81%;93.32%;98.68%;95.93%
RandomOverSampler;{'batch_size': 16, 'bilstm_neuron': 64, 'dropout_rate': 0.3, 'lr': 0.001, 'neuron': 64, 'optimizer': 'adam'};95.19%;92.40%;98.48%;95.34%
RandomOverSampler;{'batch_size': 16, 'bilstm_neuron': 64, 'dropout_rate': 0.3, 'lr': 0.001, 'neuron': 128, 'optimizer': 'adam'};95.02%;91.14%;99.72%;95.24%
RandomOverSampler;{'batch_size': 16, 'bilstm_neuron': 64, 'dropout_rate': 0.3, 'lr': 0.0001, 'neuron': 32, 'optimizer': 'adam'};96.57%;93.93%;99.58%;96.67%
RandomOverSampler;{'batch_size': 16, 'bilstm_neuron': 64, 'dropout_rate': 0.3, 'lr': 0.0001, 'neuron': 64, 'optimizer': 'adam'};95.74%;92.59%;99.45%;95.89%
RandomOverSampler;{'batch_size': 16, 'bilstm_neuron': 64, 'dropout_rate': 0.3, 'lr': 0.0001, 'neuron': 128, 'optimizer': 'adam'};95.71%;93.59%;98.13%;95.81%
RandomOverSampler;{'batch_size': 16, 'bilstm_neuron': 64, 'dropout_rate': 0.4, 'lr': 0.01, 'neuron': 32, 'optimizer': 'adam'};95.57%;92.07%;99.72%;95.74%
RandomOverSampler;{'batch_size': 16, 'bilstm_neuron': 64, 'dropout_rate': 0.4, 'lr': 0.01, 'neuron': 64, 'optimizer': 'adam'};96.61%;93.76%;99.86%;96.71%
RandomOverSampler;{'batch_size': 16, 'bilstm_neuron': 64, 'dropout_rate': 0.4, 'lr': 0.01, 'neuron': 128, 'optimizer': 'adam'};96.12%;93.87%;98.68%;96.22%
RandomOverSampler;{'batch_size': 16, 'bilstm_neuron': 64, 'dropout_rate': 0.4, 'lr': 0.001, 'neuron': 32, 'optimizer': 'adam'};95.92%;93.85%;98.27%;96.01%
RandomOverSampler;{'batch_size': 16, 'bilstm_neuron': 64, 'dropout_rate': 0.4, 'lr': 0.001, 'neuron': 64, 'optimizer': 'adam'};96.57%;93.70%;99.86%;96.68%
RandomOverSampler;{'batch_size': 16, 'bilstm_neuron': 64, 'dropout_rate': 0.4, 'lr': 0.001, 'neuron': 128, 'optimizer': 'adam'};96.92%;94.31%;99.86%;97.01%
RandomOverSampler;{'batch_size': 16, 'bilstm_neuron': 64, 'dropout_rate': 0.4, 'lr': 0.0001, 'neuron': 32, 'optimizer': 'adam'};96.43%;93.97%;99.24%;96.53%
RandomOverSampler;{'batch_size': 16, 'bilstm_neuron': 64, 'dropout_rate': 0.4, 'lr': 0.0001, 'neuron': 64, 'optimizer': 'adam'};96.47%;93.86%;99.45%;96.57%
RandomOverSampler;{'batch_size': 16, 'bilstm_neuron': 64, 'dropout_rate': 0.4, 'lr': 0.0001, 'neuron': 128, 'optimizer': 'adam'};95.50%;92.01%;99.65%;95.68%
RandomOverSampler;{'batch_size': 16, 'bilstm_neuron': 64, 'dropout_rate': 0.5, 'lr': 0.01, 'neuron': 32, 'optimizer': 'adam'};96.19%;93.37%;99.45%;96.31%
RandomOverSampler;{'batch_size': 16, 'bilstm_neuron': 64, 'dropout_rate': 0.5, 'lr': 0.01, 'neuron': 64, 'optimizer': 'adam'};95.40%;91.78%;99.72%;95.59%
RandomOverSampler;{'batch_size': 16, 'bilstm_neuron': 64, 'dropout_rate': 0.5, 'lr': 0.01, 'neuron': 128, 'optimizer': 'adam'};95.26%;91.97%;99.17%;95.43%
RandomOverSampler;{'batch_size': 16, 'bilstm_neuron': 64, 'dropout_rate': 0.5, 'lr': 0.001, 'neuron': 32, 'optimizer': 'adam'};94.88%;92.02%;98.27%;95.04%
RandomOverSampler;{'batch_size': 16, 'bilstm_neuron': 64, 'dropout_rate': 0.5, 'lr': 0.001, 'neuron': 64, 'optimizer': 'adam'};95.85%;92.38%;99.93%;96.01%
RandomOverSampler;{'batch_size': 16, 'bilstm_neuron': 64, 'dropout_rate': 0.5, 'lr': 0.001, 'neuron': 128, 'optimizer': 'adam'};94.36%;90.46%;99.17%;94.62%
RandomOverSampler;{'batch_size': 16, 'bilstm_neuron': 64, 'dropout_rate': 0.5, 'lr': 0.0001, 'neuron': 32, 'optimizer': 'adam'};94.36%;91.08%;98.34%;94.57%
RandomOverSampler;{'batch_size': 16, 'bilstm_neuron': 64, 'dropout_rate': 0.5, 'lr': 0.0001, 'neuron': 64, 'optimizer': 'adam'};96.09%;92.80%;99.93%;96.23%
RandomOverSampler;{'batch_size': 16, 'bilstm_neuron': 64, 'dropout_rate': 0.5, 'lr': 0.0001, 'neuron': 128, 'optimizer': 'adam'};94.32%;90.87%;98.55%;94.55%
RandomOverSampler;{'batch_size': 16, 'bilstm_neuron': 128, 'dropout_rate': 0.1, 'lr': 0.01, 'neuron': 32, 'optimizer': 'adam'};96.47%;93.68%;99.65%;96.58%
RandomOverSampler;{'batch_size': 16, 'bilstm_neuron': 128, 'dropout_rate': 0.1, 'lr': 0.01, 'neuron': 64, 'optimizer': 'adam'};96.47%;94.03%;99.24%;96.56%
RandomOverSampler;{'batch_size': 16, 'bilstm_neuron': 128, 'dropout_rate': 0.1, 'lr': 0.01, 'neuron': 128, 'optimizer': 'adam'};96.37%;94.13%;98.89%;96.45%
RandomOverSampler;{'batch_size': 16, 'bilstm_neuron': 128, 'dropout_rate': 0.1, 'lr': 0.001, 'neuron': 32, 'optimizer': 'adam'};96.99%;94.90%;99.31%;97.06%
RandomOverSampler;{'batch_size': 16, 'bilstm_neuron': 128, 'dropout_rate': 0.1, 'lr': 0.001, 'neuron': 64, 'optimizer': 'adam'};96.82%;94.30%;99.65%;96.90%
RandomOverSampler;{'batch_size': 16, 'bilstm_neuron': 128, 'dropout_rate': 0.1, 'lr': 0.001, 'neuron': 128, 'optimizer': 'adam'};96.26%;93.89%;98.96%;96.36%
RandomOverSampler;{'batch_size': 16, 'bilstm_neuron': 128, 'dropout_rate': 0.1, 'lr': 0.0001, 'neuron': 32, 'optimizer': 'adam'};96.54%;94.04%;99.38%;96.63%
RandomOverSampler;{'batch_size': 16, 'bilstm_neuron': 128, 'dropout_rate': 0.1, 'lr': 0.0001, 'neuron': 64, 'optimizer': 'adam'};96.57%;93.87%;99.65%;96.67%
RandomOverSampler;{'batch_size': 16, 'bilstm_neuron': 128, 'dropout_rate': 0.1, 'lr': 0.0001, 'neuron': 128, 'optimizer': 'adam'};96.12%;94.28%;98.20%;96.20%
RandomOverSampler;{'batch_size': 16, 'bilstm_neuron': 128, 'dropout_rate': 0.2, 'lr': 0.01, 'neuron': 32, 'optimizer': 'adam'};96.88%;95.13%;98.82%;96.94%
RandomOverSampler;{'batch_size': 16, 'bilstm_neuron': 128, 'dropout_rate': 0.2, 'lr': 0.01, 'neuron': 64, 'optimizer': 'adam'};96.50%;93.86%;99.52%;96.61%
RandomOverSampler;{'batch_size': 16, 'bilstm_neuron': 128, 'dropout_rate': 0.2, 'lr': 0.01, 'neuron': 128, 'optimizer': 'adam'};96.78%;94.53%;99.31%;96.86%
RandomOverSampler;{'batch_size': 16, 'bilstm_neuron': 128, 'dropout_rate': 0.2, 'lr': 0.001, 'neuron': 32, 'optimizer': 'adam'};96.05%;93.35%;99.17%;96.17%
RandomOverSampler;{'batch_size': 16, 'bilstm_neuron': 128, 'dropout_rate': 0.2, 'lr': 0.001, 'neuron': 64, 'optimizer': 'adam'};95.78%;92.32%;99.86%;95.94%
RandomOverSampler;{'batch_size': 16, 'bilstm_neuron': 128, 'dropout_rate': 0.2, 'lr': 0.001, 'neuron': 128, 'optimizer': 'adam'};96.47%;93.63%;99.72%;96.58%
RandomOverSampler;{'batch_size': 16, 'bilstm_neuron': 128, 'dropout_rate': 0.2, 'lr': 0.0001, 'neuron': 32, 'optimizer': 'adam'};96.16%;94.52%;97.99%;96.23%
RandomOverSampler;{'batch_size': 16, 'bilstm_neuron': 128, 'dropout_rate': 0.2, 'lr': 0.0001, 'neuron': 64, 'optimizer': 'adam'};95.57%;93.29%;98.20%;95.68%
RandomOverSampler;{'batch_size': 16, 'bilstm_neuron': 128, 'dropout_rate': 0.2, 'lr': 0.0001, 'neuron': 128, 'optimizer': 'adam'};95.85%;92.38%;99.93%;96.01%
RandomOverSampler;{'batch_size': 16, 'bilstm_neuron': 128, 'dropout_rate': 0.3, 'lr': 0.01, 'neuron': 32, 'optimizer': 'adam'};96.71%;93.94%;99.86%;96.81%
RandomOverSampler;{'batch_size': 16, 'bilstm_neuron': 128, 'dropout_rate': 0.3, 'lr': 0.01, 'neuron': 64, 'optimizer': 'adam'};95.36%;91.93%;99.45%;95.54%
RandomOverSampler;{'batch_size': 16, 'bilstm_neuron': 128, 'dropout_rate': 0.3, 'lr': 0.01, 'neuron': 128, 'optimizer': 'adam'};96.30%;93.55%;99.45%;96.41%
RandomOverSampler;{'batch_size': 16, 'bilstm_neuron': 128, 'dropout_rate': 0.3, 'lr': 0.001, 'neuron': 32, 'optimizer': 'adam'};96.40%;93.34%;99.93%;96.52%
RandomOverSampler;{'batch_size': 16, 'bilstm_neuron': 128, 'dropout_rate': 0.3, 'lr': 0.001, 'neuron': 64, 'optimizer': 'adam'};96.23%;93.15%;99.79%;96.36%
RandomOverSampler;{'batch_size': 16, 'bilstm_neuron': 128, 'dropout_rate': 0.3, 'lr': 0.001, 'neuron': 128, 'optimizer': 'adam'};95.95%;92.72%;99.72%;96.10%
RandomOverSampler;{'batch_size': 16, 'bilstm_neuron': 128, 'dropout_rate': 0.3, 'lr': 0.0001, 'neuron': 32, 'optimizer': 'adam'};97.40%;95.12%;99.93%;97.47%
RandomOverSampler;{'batch_size': 16, 'bilstm_neuron': 128, 'dropout_rate': 0.3, 'lr': 0.0001, 'neuron': 64, 'optimizer': 'adam'};96.99%;94.90%;99.31%;97.06%
RandomOverSampler;{'batch_size': 16, 'bilstm_neuron': 128, 'dropout_rate': 0.3, 'lr': 0.0001, 'neuron': 128, 'optimizer': 'adam'};96.64%;93.71%;100.00%;96.75%
RandomOverSampler;{'batch_size': 16, 'bilstm_neuron': 128, 'dropout_rate': 0.4, 'lr': 0.01, 'neuron': 32, 'optimizer': 'adam'};95.85%;94.43%;97.44%;95.91%
RandomOverSampler;{'batch_size': 16, 'bilstm_neuron': 128, 'dropout_rate': 0.4, 'lr': 0.01, 'neuron': 64, 'optimizer': 'adam'};95.12%;91.37%;99.65%;95.33%
RandomOverSampler;{'batch_size': 16, 'bilstm_neuron': 128, 'dropout_rate': 0.4, 'lr': 0.01, 'neuron': 128, 'optimizer': 'adam'};96.26%;93.26%;99.72%;96.39%
RandomOverSampler;{'batch_size': 16, 'bilstm_neuron': 128, 'dropout_rate': 0.4, 'lr': 0.001, 'neuron': 32, 'optimizer': 'adam'};96.61%;93.99%;99.58%;96.70%
RandomOverSampler;{'batch_size': 16, 'bilstm_neuron': 128, 'dropout_rate': 0.4, 'lr': 0.001, 'neuron': 64, 'optimizer': 'adam'};95.98%;93.06%;99.38%;96.12%
RandomOverSampler;{'batch_size': 16, 'bilstm_neuron': 128, 'dropout_rate': 0.4, 'lr': 0.001, 'neuron': 128, 'optimizer': 'adam'};96.85%;94.19%;99.86%;96.94%
RandomOverSampler;{'batch_size': 16, 'bilstm_neuron': 128, 'dropout_rate': 0.4, 'lr': 0.0001, 'neuron': 32, 'optimizer': 'adam'};95.98%;92.78%;99.72%;96.13%
RandomOverSampler;{'batch_size': 16, 'bilstm_neuron': 128, 'dropout_rate': 0.4, 'lr': 0.0001, 'neuron': 64, 'optimizer': 'adam'};95.71%;92.91%;98.96%;95.84%
RandomOverSampler;{'batch_size': 16, 'bilstm_neuron': 128, 'dropout_rate': 0.4, 'lr': 0.0001, 'neuron': 128, 'optimizer': 'adam'};95.67%;93.13%;98.61%;95.80%
RandomOverSampler;{'batch_size': 16, 'bilstm_neuron': 128, 'dropout_rate': 0.5, 'lr': 0.01, 'neuron': 32, 'optimizer': 'adam'};95.74%;92.86%;99.10%;95.88%
RandomOverSampler;{'batch_size': 16, 'bilstm_neuron': 128, 'dropout_rate': 0.5, 'lr': 0.01, 'neuron': 64, 'optimizer': 'adam'};95.02%;91.72%;98.96%;95.20%
RandomOverSampler;{'batch_size': 16, 'bilstm_neuron': 128, 'dropout_rate': 0.5, 'lr': 0.01, 'neuron': 128, 'optimizer': 'adam'};95.64%;93.82%;97.71%;95.73%
RandomOverSampler;{'batch_size': 16, 'bilstm_neuron': 128, 'dropout_rate': 0.5, 'lr': 0.001, 'neuron': 32, 'optimizer': 'adam'};96.75%;93.95%;99.93%;96.85%
RandomOverSampler;{'batch_size': 16, 'bilstm_neuron': 128, 'dropout_rate': 0.5, 'lr': 0.001, 'neuron': 64, 'optimizer': 'adam'};96.85%;94.42%;99.58%;96.93%
RandomOverSampler;{'batch_size': 16, 'bilstm_neuron': 128, 'dropout_rate': 0.5, 'lr': 0.001, 'neuron': 128, 'optimizer': 'adam'};96.54%;93.81%;99.65%;96.64%
RandomOverSampler;{'batch_size': 16, 'bilstm_neuron': 128, 'dropout_rate': 0.5, 'lr': 0.0001, 'neuron': 32, 'optimizer': 'adam'};96.02%;93.01%;99.52%;96.15%
RandomOverSampler;{'batch_size': 16, 'bilstm_neuron': 128, 'dropout_rate': 0.5, 'lr': 0.0001, 'neuron': 64, 'optimizer': 'adam'};95.60%;92.24%;99.58%;95.77%
RandomOverSampler;{'batch_size': 16, 'bilstm_neuron': 128, 'dropout_rate': 0.5, 'lr': 0.0001, 'neuron': 128, 'optimizer': 'adam'};95.57%;92.13%;99.65%;95.74%
RandomOverSampler;{'batch_size': 32, 'bilstm_neuron': 32, 'dropout_rate': 0.1, 'lr': 0.01, 'neuron': 32, 'optimizer': 'adam'};95.15%;91.79%;99.17%;95.34%
RandomOverSampler;{'batch_size': 32, 'bilstm_neuron': 32, 'dropout_rate': 0.1, 'lr': 0.01, 'neuron': 64, 'optimizer': 'adam'};96.43%;93.45%;99.86%;96.55%
RandomOverSampler;{'batch_size': 32, 'bilstm_neuron': 32, 'dropout_rate': 0.1, 'lr': 0.01, 'neuron': 128, 'optimizer': 'adam'};95.15%;91.32%;99.79%;95.37%
RandomOverSampler;{'batch_size': 32, 'bilstm_neuron': 32, 'dropout_rate': 0.1, 'lr': 0.001, 'neuron': 32, 'optimizer': 'adam'};96.19%;93.59%;99.17%;96.30%
RandomOverSampler;{'batch_size': 32, 'bilstm_neuron': 32, 'dropout_rate': 0.1, 'lr': 0.001, 'neuron': 64, 'optimizer': 'adam'};95.33%;93.03%;97.99%;95.45%
RandomOverSampler;{'batch_size': 32, 'bilstm_neuron': 32, 'dropout_rate': 0.1, 'lr': 0.001, 'neuron': 128, 'optimizer': 'adam'};94.63%;91.02%;99.03%;94.86%
RandomOverSampler;{'batch_size': 32, 'bilstm_neuron': 32, 'dropout_rate': 0.1, 'lr': 0.0001, 'neuron': 32, 'optimizer': 'adam'};95.60%;93.81%;97.65%;95.69%
RandomOverSampler;{'batch_size': 32, 'bilstm_neuron': 32, 'dropout_rate': 0.1, 'lr': 0.0001, 'neuron': 64, 'optimizer': 'adam'};95.95%;93.28%;99.03%;96.07%
RandomOverSampler;{'batch_size': 32, 'bilstm_neuron': 32, 'dropout_rate': 0.1, 'lr': 0.0001, 'neuron': 128, 'optimizer': 'adam'};95.12%;91.47%;99.52%;95.32%
RandomOverSampler;{'batch_size': 32, 'bilstm_neuron': 32, 'dropout_rate': 0.2, 'lr': 0.01, 'neuron': 32, 'optimizer': 'adam'};95.78%;92.65%;99.45%;95.93%
RandomOverSampler;{'batch_size': 32, 'bilstm_neuron': 32, 'dropout_rate': 0.2, 'lr': 0.01, 'neuron': 64, 'optimizer': 'adam'};95.50%;92.50%;99.03%;95.65%
RandomOverSampler;{'batch_size': 32, 'bilstm_neuron': 32, 'dropout_rate': 0.2, 'lr': 0.01, 'neuron': 128, 'optimizer': 'adam'};94.81%;90.64%;99.93%;95.06%
RandomOverSampler;{'batch_size': 32, 'bilstm_neuron': 32, 'dropout_rate': 0.2, 'lr': 0.001, 'neuron': 32, 'optimizer': 'adam'};94.43%;90.27%;99.58%;94.70%
RandomOverSampler;{'batch_size': 32, 'bilstm_neuron': 32, 'dropout_rate': 0.2, 'lr': 0.001, 'neuron': 64, 'optimizer': 'adam'};94.70%;90.47%;99.93%;94.97%
RandomOverSampler;{'batch_size': 32, 'bilstm_neuron': 32, 'dropout_rate': 0.2, 'lr': 0.001, 'neuron': 128, 'optimizer': 'adam'};95.57%;92.07%;99.72%;95.74%
RandomOverSampler;{'batch_size': 32, 'bilstm_neuron': 32, 'dropout_rate': 0.2, 'lr': 0.0001, 'neuron': 32, 'optimizer': 'adam'};95.88%;93.33%;98.82%;96.00%
RandomOverSampler;{'batch_size': 32, 'bilstm_neuron': 32, 'dropout_rate': 0.2, 'lr': 0.0001, 'neuron': 64, 'optimizer': 'adam'};94.43%;90.22%;99.65%;94.70%
RandomOverSampler;{'batch_size': 32, 'bilstm_neuron': 32, 'dropout_rate': 0.2, 'lr': 0.0001, 'neuron': 128, 'optimizer': 'adam'};94.60%;91.18%;98.75%;94.81%
RandomOverSampler;{'batch_size': 32, 'bilstm_neuron': 32, 'dropout_rate': 0.3, 'lr': 0.01, 'neuron': 32, 'optimizer': 'adam'};95.12%;91.74%;99.17%;95.31%
RandomOverSampler;{'batch_size': 32, 'bilstm_neuron': 32, 'dropout_rate': 0.3, 'lr': 0.01, 'neuron': 64, 'optimizer': 'adam'};95.08%;91.52%;99.38%;95.29%
RandomOverSampler;{'batch_size': 32, 'bilstm_neuron': 32, 'dropout_rate': 0.3, 'lr': 0.01, 'neuron': 128, 'optimizer': 'adam'};94.91%;91.33%;99.24%;95.12%
RandomOverSampler;{'batch_size': 32, 'bilstm_neuron': 32, 'dropout_rate': 0.3, 'lr': 0.001, 'neuron': 32, 'optimizer': 'adam'};95.60%;92.90%;98.75%;95.74%
RandomOverSampler;{'batch_size': 32, 'bilstm_neuron': 32, 'dropout_rate': 0.3, 'lr': 0.001, 'neuron': 64, 'optimizer': 'adam'};93.11%;88.64%;98.89%;93.49%
RandomOverSampler;{'batch_size': 32, 'bilstm_neuron': 32, 'dropout_rate': 0.3, 'lr': 0.001, 'neuron': 128, 'optimizer': 'adam'};95.02%;91.51%;99.24%;95.22%
RandomOverSampler;{'batch_size': 32, 'bilstm_neuron': 32, 'dropout_rate': 0.3, 'lr': 0.0001, 'neuron': 32, 'optimizer': 'adam'};94.77%;91.00%;99.38%;95.00%
RandomOverSampler;{'batch_size': 32, 'bilstm_neuron': 32, 'dropout_rate': 0.3, 'lr': 0.0001, 'neuron': 64, 'optimizer': 'adam'};95.81%;92.76%;99.38%;95.95%
RandomOverSampler;{'batch_size': 32, 'bilstm_neuron': 32, 'dropout_rate': 0.3, 'lr': 0.0001, 'neuron': 128, 'optimizer': 'adam'};93.35%;88.50%;99.65%;93.75%
RandomOverSampler;{'batch_size': 32, 'bilstm_neuron': 32, 'dropout_rate': 0.4, 'lr': 0.01, 'neuron': 32, 'optimizer': 'adam'};93.25%;88.67%;99.17%;93.63%
RandomOverSampler;{'batch_size': 32, 'bilstm_neuron': 32, 'dropout_rate': 0.4, 'lr': 0.01, 'neuron': 64, 'optimizer': 'adam'};94.18%;90.08%;99.31%;94.47%
RandomOverSampler;{'batch_size': 32, 'bilstm_neuron': 32, 'dropout_rate': 0.4, 'lr': 0.01, 'neuron': 128, 'optimizer': 'adam'};95.88%;93.61%;98.48%;95.98%
RandomOverSampler;{'batch_size': 32, 'bilstm_neuron': 32, 'dropout_rate': 0.4, 'lr': 0.001, 'neuron': 32, 'optimizer': 'adam'};94.88%;90.96%;99.65%;95.11%
RandomOverSampler;{'batch_size': 32, 'bilstm_neuron': 32, 'dropout_rate': 0.4, 'lr': 0.001, 'neuron': 64, 'optimizer': 'adam'};95.29%;91.55%;99.79%;95.49%
RandomOverSampler;{'batch_size': 32, 'bilstm_neuron': 32, 'dropout_rate': 0.4, 'lr': 0.001, 'neuron': 128, 'optimizer': 'adam'};95.81%;92.98%;99.10%;95.94%
RandomOverSampler;{'batch_size': 32, 'bilstm_neuron': 32, 'dropout_rate': 0.4, 'lr': 0.0001, 'neuron': 32, 'optimizer': 'adam'};93.49%;90.57%;97.09%;93.72%
RandomOverSampler;{'batch_size': 32, 'bilstm_neuron': 32, 'dropout_rate': 0.4, 'lr': 0.0001, 'neuron': 64, 'optimizer': 'adam'};95.02%;92.10%;98.48%;95.18%
RandomOverSampler;{'batch_size': 32, 'bilstm_neuron': 32, 'dropout_rate': 0.4, 'lr': 0.0001, 'neuron': 128, 'optimizer': 'adam'};95.95%;92.67%;99.79%;96.10%
RandomOverSampler;{'batch_size': 32, 'bilstm_neuron': 32, 'dropout_rate': 0.5, 'lr': 0.01, 'neuron': 32, 'optimizer': 'adam'};95.33%;92.09%;99.17%;95.50%
RandomOverSampler;{'batch_size': 32, 'bilstm_neuron': 32, 'dropout_rate': 0.5, 'lr': 0.01, 'neuron': 64, 'optimizer': 'adam'};95.60%;92.95%;98.68%;95.73%
RandomOverSampler;{'batch_size': 32, 'bilstm_neuron': 32, 'dropout_rate': 0.5, 'lr': 0.01, 'neuron': 128, 'optimizer': 'adam'};93.98%;90.86%;97.78%;94.20%
RandomOverSampler;{'batch_size': 32, 'bilstm_neuron': 32, 'dropout_rate': 0.5, 'lr': 0.001, 'neuron': 32, 'optimizer': 'adam'};94.50%;91.75%;97.78%;94.67%
RandomOverSampler;{'batch_size': 32, 'bilstm_neuron': 32, 'dropout_rate': 0.5, 'lr': 0.001, 'neuron': 64, 'optimizer': 'adam'};95.60%;92.84%;98.82%;95.74%
RandomOverSampler;{'batch_size': 32, 'bilstm_neuron': 32, 'dropout_rate': 0.5, 'lr': 0.001, 'neuron': 128, 'optimizer': 'adam'};94.60%;90.35%;99.86%;94.87%
RandomOverSampler;{'batch_size': 32, 'bilstm_neuron': 32, 'dropout_rate': 0.5, 'lr': 0.0001, 'neuron': 32, 'optimizer': 'adam'};95.64%;92.41%;99.45%;95.80%
RandomOverSampler;{'batch_size': 32, 'bilstm_neuron': 32, 'dropout_rate': 0.5, 'lr': 0.0001, 'neuron': 64, 'optimizer': 'adam'};94.67%;91.72%;98.20%;94.85%
RandomOverSampler;{'batch_size': 32, 'bilstm_neuron': 32, 'dropout_rate': 0.5, 'lr': 0.0001, 'neuron': 128, 'optimizer': 'adam'};94.36%;91.03%;98.41%;94.58%
RandomOverSampler;{'batch_size': 32, 'bilstm_neuron': 64, 'dropout_rate': 0.1, 'lr': 0.01, 'neuron': 32, 'optimizer': 'adam'};95.71%;92.53%;99.45%;95.86%
RandomOverSampler;{'batch_size': 32, 'bilstm_neuron': 64, 'dropout_rate': 0.1, 'lr': 0.01, 'neuron': 64, 'optimizer': 'adam'};95.64%;92.19%;99.72%;95.81%
RandomOverSampler;{'batch_size': 32, 'bilstm_neuron': 64, 'dropout_rate': 0.1, 'lr': 0.01, 'neuron': 128, 'optimizer': 'adam'};96.16%;93.48%;99.24%;96.27%
RandomOverSampler;{'batch_size': 32, 'bilstm_neuron': 64, 'dropout_rate': 0.1, 'lr': 0.001, 'neuron': 32, 'optimizer': 'adam'};95.78%;93.26%;98.68%;95.90%
RandomOverSampler;{'batch_size': 32, 'bilstm_neuron': 64, 'dropout_rate': 0.1, 'lr': 0.001, 'neuron': 64, 'optimizer': 'adam'};96.05%;93.29%;99.24%;96.17%
RandomOverSampler;{'batch_size': 32, 'bilstm_neuron': 64, 'dropout_rate': 0.1, 'lr': 0.001, 'neuron': 128, 'optimizer': 'adam'};94.88%;91.97%;98.34%;95.05%
RandomOverSampler;{'batch_size': 32, 'bilstm_neuron': 64, 'dropout_rate': 0.1, 'lr': 0.0001, 'neuron': 32, 'optimizer': 'adam'};96.30%;93.38%;99.65%;96.42%
RandomOverSampler;{'batch_size': 32, 'bilstm_neuron': 64, 'dropout_rate': 0.1, 'lr': 0.0001, 'neuron': 64, 'optimizer': 'adam'};96.92%;94.19%;100.00%;97.01%
RandomOverSampler;{'batch_size': 32, 'bilstm_neuron': 64, 'dropout_rate': 0.1, 'lr': 0.0001, 'neuron': 128, 'optimizer': 'adam'};95.50%;92.61%;98.89%;95.65%
RandomOverSampler;{'batch_size': 32, 'bilstm_neuron': 64, 'dropout_rate': 0.2, 'lr': 0.01, 'neuron': 32, 'optimizer': 'adam'};94.95%;92.09%;98.34%;95.11%
RandomOverSampler;{'batch_size': 32, 'bilstm_neuron': 64, 'dropout_rate': 0.2, 'lr': 0.01, 'neuron': 64, 'optimizer': 'adam'};95.88%;92.77%;99.52%;96.02%
RandomOverSampler;{'batch_size': 32, 'bilstm_neuron': 64, 'dropout_rate': 0.2, 'lr': 0.01, 'neuron': 128, 'optimizer': 'adam'};94.39%;91.30%;98.13%;94.59%
RandomOverSampler;{'batch_size': 32, 'bilstm_neuron': 64, 'dropout_rate': 0.2, 'lr': 0.001, 'neuron': 32, 'optimizer': 'adam'};96.54%;94.04%;99.38%;96.63%
RandomOverSampler;{'batch_size': 32, 'bilstm_neuron': 64, 'dropout_rate': 0.2, 'lr': 0.001, 'neuron': 64, 'optimizer': 'adam'};96.26%;93.10%;99.93%;96.39%
RandomOverSampler;{'batch_size': 32, 'bilstm_neuron': 64, 'dropout_rate': 0.2, 'lr': 0.001, 'neuron': 128, 'optimizer': 'adam'};96.30%;93.21%;99.86%;96.42%
RandomOverSampler;{'batch_size': 32, 'bilstm_neuron': 64, 'dropout_rate': 0.2, 'lr': 0.0001, 'neuron': 32, 'optimizer': 'adam'};95.57%;91.91%;99.93%;95.75%
RandomOverSampler;{'batch_size': 32, 'bilstm_neuron': 64, 'dropout_rate': 0.2, 'lr': 0.0001, 'neuron': 64, 'optimizer': 'adam'};94.81%;91.90%;98.27%;94.98%
RandomOverSampler;{'batch_size': 32, 'bilstm_neuron': 64, 'dropout_rate': 0.2, 'lr': 0.0001, 'neuron': 128, 'optimizer': 'adam'};95.47%;92.99%;98.34%;95.59%
RandomOverSampler;{'batch_size': 32, 'bilstm_neuron': 64, 'dropout_rate': 0.3, 'lr': 0.01, 'neuron': 32, 'optimizer': 'adam'};96.40%;94.08%;99.03%;96.49%
RandomOverSampler;{'batch_size': 32, 'bilstm_neuron': 64, 'dropout_rate': 0.3, 'lr': 0.01, 'neuron': 64, 'optimizer': 'adam'};95.22%;92.57%;98.34%;95.37%
RandomOverSampler;{'batch_size': 32, 'bilstm_neuron': 64, 'dropout_rate': 0.3, 'lr': 0.01, 'neuron': 128, 'optimizer': 'adam'};95.02%;91.14%;99.72%;95.24%
RandomOverSampler;{'batch_size': 32, 'bilstm_neuron': 64, 'dropout_rate': 0.3, 'lr': 0.001, 'neuron': 32, 'optimizer': 'adam'};94.60%;91.12%;98.82%;94.82%
RandomOverSampler;{'batch_size': 32, 'bilstm_neuron': 64, 'dropout_rate': 0.3, 'lr': 0.001, 'neuron': 64, 'optimizer': 'adam'};92.25%;88.08%;97.71%;92.65%
RandomOverSampler;{'batch_size': 32, 'bilstm_neuron': 64, 'dropout_rate': 0.3, 'lr': 0.001, 'neuron': 128, 'optimizer': 'adam'};96.40%;93.62%;99.58%;96.51%
RandomOverSampler;{'batch_size': 32, 'bilstm_neuron': 64, 'dropout_rate': 0.3, 'lr': 0.0001, 'neuron': 32, 'optimizer': 'adam'};94.63%;90.97%;99.10%;94.86%
RandomOverSampler;{'batch_size': 32, 'bilstm_neuron': 64, 'dropout_rate': 0.3, 'lr': 0.0001, 'neuron': 64, 'optimizer': 'adam'};96.16%;93.36%;99.38%;96.28%
RandomOverSampler;{'batch_size': 32, 'bilstm_neuron': 64, 'dropout_rate': 0.3, 'lr': 0.0001, 'neuron': 128, 'optimizer': 'adam'};95.50%;91.79%;99.93%;95.69%
RandomOverSampler;{'batch_size': 32, 'bilstm_neuron': 64, 'dropout_rate': 0.4, 'lr': 0.01, 'neuron': 32, 'optimizer': 'adam'};95.26%;91.86%;99.31%;95.44%
RandomOverSampler;{'batch_size': 32, 'bilstm_neuron': 64, 'dropout_rate': 0.4, 'lr': 0.01, 'neuron': 64, 'optimizer': 'adam'};93.84%;89.66%;99.10%;94.14%
RandomOverSampler;{'batch_size': 32, 'bilstm_neuron': 64, 'dropout_rate': 0.4, 'lr': 0.01, 'neuron': 128, 'optimizer': 'adam'};95.08%;91.62%;99.24%;95.28%
RandomOverSampler;{'batch_size': 32, 'bilstm_neuron': 64, 'dropout_rate': 0.4, 'lr': 0.001, 'neuron': 32, 'optimizer': 'adam'};95.74%;92.70%;99.31%;95.89%
RandomOverSampler;{'batch_size': 32, 'bilstm_neuron': 64, 'dropout_rate': 0.4, 'lr': 0.001, 'neuron': 64, 'optimizer': 'adam'};95.81%;92.93%;99.17%;95.95%
RandomOverSampler;{'batch_size': 32, 'bilstm_neuron': 64, 'dropout_rate': 0.4, 'lr': 0.001, 'neuron': 128, 'optimizer': 'adam'};94.46%;91.15%;98.48%;94.67%
RandomOverSampler;{'batch_size': 32, 'bilstm_neuron': 64, 'dropout_rate': 0.4, 'lr': 0.0001, 'neuron': 32, 'optimizer': 'adam'};96.12%;93.64%;98.96%;96.23%
RandomOverSampler;{'batch_size': 32, 'bilstm_neuron': 64, 'dropout_rate': 0.4, 'lr': 0.0001, 'neuron': 64, 'optimizer': 'adam'};96.37%;93.90%;99.17%;96.46%
RandomOverSampler;{'batch_size': 32, 'bilstm_neuron': 64, 'dropout_rate': 0.4, 'lr': 0.0001, 'neuron': 128, 'optimizer': 'adam'};95.60%;93.75%;97.71%;95.69%
RandomOverSampler;{'batch_size': 32, 'bilstm_neuron': 64, 'dropout_rate': 0.5, 'lr': 0.01, 'neuron': 32, 'optimizer': 'adam'};95.33%;91.93%;99.38%;95.51%
RandomOverSampler;{'batch_size': 32, 'bilstm_neuron': 64, 'dropout_rate': 0.5, 'lr': 0.01, 'neuron': 64, 'optimizer': 'adam'};95.74%;92.70%;99.31%;95.89%
RandomOverSampler;{'batch_size': 32, 'bilstm_neuron': 64, 'dropout_rate': 0.5, 'lr': 0.01, 'neuron': 128, 'optimizer': 'adam'};94.81%;90.79%;99.72%;95.05%
RandomOverSampler;{'batch_size': 32, 'bilstm_neuron': 64, 'dropout_rate': 0.5, 'lr': 0.001, 'neuron': 32, 'optimizer': 'adam'};96.16%;92.92%;99.93%;96.30%
RandomOverSampler;{'batch_size': 32, 'bilstm_neuron': 64, 'dropout_rate': 0.5, 'lr': 0.001, 'neuron': 64, 'optimizer': 'adam'};93.87%;89.47%;99.45%;94.19%
RandomOverSampler;{'batch_size': 32, 'bilstm_neuron': 64, 'dropout_rate': 0.5, 'lr': 0.001, 'neuron': 128, 'optimizer': 'adam'};95.43%;91.94%;99.58%;95.61%
RandomOverSampler;{'batch_size': 32, 'bilstm_neuron': 64, 'dropout_rate': 0.5, 'lr': 0.0001, 'neuron': 32, 'optimizer': 'adam'};96.19%;93.42%;99.38%;96.31%
RandomOverSampler;{'batch_size': 32, 'bilstm_neuron': 64, 'dropout_rate': 0.5, 'lr': 0.0001, 'neuron': 64, 'optimizer': 'adam'};92.63%;88.16%;98.48%;93.03%
RandomOverSampler;{'batch_size': 32, 'bilstm_neuron': 64, 'dropout_rate': 0.5, 'lr': 0.0001, 'neuron': 128, 'optimizer': 'adam'};95.81%;92.43%;99.79%;95.97%
RandomOverSampler;{'batch_size': 32, 'bilstm_neuron': 128, 'dropout_rate': 0.1, 'lr': 0.01, 'neuron': 32, 'optimizer': 'adam'};96.33%;93.27%;99.86%;96.45%
RandomOverSampler;{'batch_size': 32, 'bilstm_neuron': 128, 'dropout_rate': 0.1, 'lr': 0.01, 'neuron': 64, 'optimizer': 'adam'};96.85%;94.07%;100.00%;96.95%
RandomOverSampler;{'batch_size': 32, 'bilstm_neuron': 128, 'dropout_rate': 0.1, 'lr': 0.01, 'neuron': 128, 'optimizer': 'adam'};94.39%;91.62%;97.71%;94.57%
RandomOverSampler;{'batch_size': 32, 'bilstm_neuron': 128, 'dropout_rate': 0.1, 'lr': 0.001, 'neuron': 32, 'optimizer': 'adam'};95.95%;94.50%;97.58%;96.01%
RandomOverSampler;{'batch_size': 32, 'bilstm_neuron': 128, 'dropout_rate': 0.1, 'lr': 0.001, 'neuron': 64, 'optimizer': 'adam'};96.12%;93.59%;99.03%;96.23%
RandomOverSampler;{'batch_size': 32, 'bilstm_neuron': 128, 'dropout_rate': 0.1, 'lr': 0.001, 'neuron': 128, 'optimizer': 'adam'};95.33%;92.20%;99.03%;95.49%
RandomOverSampler;{'batch_size': 32, 'bilstm_neuron': 128, 'dropout_rate': 0.1, 'lr': 0.0001, 'neuron': 32, 'optimizer': 'adam'};95.74%;92.75%;99.24%;95.88%
RandomOverSampler;{'batch_size': 32, 'bilstm_neuron': 128, 'dropout_rate': 0.1, 'lr': 0.0001, 'neuron': 64, 'optimizer': 'adam'};96.16%;94.05%;98.55%;96.25%
RandomOverSampler;{'batch_size': 32, 'bilstm_neuron': 128, 'dropout_rate': 0.1, 'lr': 0.0001, 'neuron': 128, 'optimizer': 'adam'};97.13%;94.80%;99.72%;97.20%
RandomOverSampler;{'batch_size': 32, 'bilstm_neuron': 128, 'dropout_rate': 0.2, 'lr': 0.01, 'neuron': 32, 'optimizer': 'adam'};96.02%;92.95%;99.58%;96.16%
RandomOverSampler;{'batch_size': 32, 'bilstm_neuron': 128, 'dropout_rate': 0.2, 'lr': 0.01, 'neuron': 64, 'optimizer': 'adam'};94.32%;90.92%;98.48%;94.55%
RandomOverSampler;{'batch_size': 32, 'bilstm_neuron': 128, 'dropout_rate': 0.2, 'lr': 0.01, 'neuron': 128, 'optimizer': 'adam'};96.50%;94.03%;99.31%;96.60%
RandomOverSampler;{'batch_size': 32, 'bilstm_neuron': 128, 'dropout_rate': 0.2, 'lr': 0.001, 'neuron': 32, 'optimizer': 'adam'};94.77%;92.06%;97.99%;94.93%
RandomOverSampler;{'batch_size': 32, 'bilstm_neuron': 128, 'dropout_rate': 0.2, 'lr': 0.001, 'neuron': 64, 'optimizer': 'adam'};95.78%;92.59%;99.52%;95.93%
RandomOverSampler;{'batch_size': 32, 'bilstm_neuron': 128, 'dropout_rate': 0.2, 'lr': 0.001, 'neuron': 128, 'optimizer': 'adam'};95.85%;92.49%;99.79%;96.00%
RandomOverSampler;{'batch_size': 32, 'bilstm_neuron': 128, 'dropout_rate': 0.2, 'lr': 0.0001, 'neuron': 32, 'optimizer': 'adam'};96.12%;93.53%;99.10%;96.23%
RandomOverSampler;{'batch_size': 32, 'bilstm_neuron': 128, 'dropout_rate': 0.2, 'lr': 0.0001, 'neuron': 64, 'optimizer': 'adam'};96.82%;94.24%;99.72%;96.90%
RandomOverSampler;{'batch_size': 32, 'bilstm_neuron': 128, 'dropout_rate': 0.2, 'lr': 0.0001, 'neuron': 128, 'optimizer': 'adam'};96.37%;94.37%;98.61%;96.44%
RandomOverSampler;{'batch_size': 32, 'bilstm_neuron': 128, 'dropout_rate': 0.3, 'lr': 0.01, 'neuron': 32, 'optimizer': 'adam'};96.37%;94.66%;98.27%;96.43%
RandomOverSampler;{'batch_size': 32, 'bilstm_neuron': 128, 'dropout_rate': 0.3, 'lr': 0.01, 'neuron': 64, 'optimizer': 'adam'};95.85%;92.54%;99.72%;96.00%
RandomOverSampler;{'batch_size': 32, 'bilstm_neuron': 128, 'dropout_rate': 0.3, 'lr': 0.01, 'neuron': 128, 'optimizer': 'adam'};94.36%;89.96%;99.86%;94.65%
RandomOverSampler;{'batch_size': 32, 'bilstm_neuron': 128, 'dropout_rate': 0.3, 'lr': 0.001, 'neuron': 32, 'optimizer': 'adam'};96.26%;93.66%;99.24%;96.37%
RandomOverSampler;{'batch_size': 32, 'bilstm_neuron': 128, 'dropout_rate': 0.3, 'lr': 0.001, 'neuron': 64, 'optimizer': 'adam'};96.26%;93.32%;99.65%;96.38%
RandomOverSampler;{'batch_size': 32, 'bilstm_neuron': 128, 'dropout_rate': 0.3, 'lr': 0.001, 'neuron': 128, 'optimizer': 'adam'};95.95%;92.72%;99.72%;96.10%
RandomOverSampler;{'batch_size': 32, 'bilstm_neuron': 128, 'dropout_rate': 0.3, 'lr': 0.0001, 'neuron': 32, 'optimizer': 'adam'};95.67%;92.36%;99.58%;95.83%
RandomOverSampler;{'batch_size': 32, 'bilstm_neuron': 128, 'dropout_rate': 0.3, 'lr': 0.0001, 'neuron': 64, 'optimizer': 'adam'};96.05%;92.85%;99.79%;96.19%
RandomOverSampler;{'batch_size': 32, 'bilstm_neuron': 128, 'dropout_rate': 0.3, 'lr': 0.0001, 'neuron': 128, 'optimizer': 'adam'};96.78%;94.12%;99.79%;96.87%
RandomOverSampler;{'batch_size': 32, 'bilstm_neuron': 128, 'dropout_rate': 0.4, 'lr': 0.01, 'neuron': 32, 'optimizer': 'adam'};96.16%;93.25%;99.52%;96.28%
RandomOverSampler;{'batch_size': 32, 'bilstm_neuron': 128, 'dropout_rate': 0.4, 'lr': 0.01, 'neuron': 64, 'optimizer': 'adam'};96.47%;93.46%;99.93%;96.59%
RandomOverSampler;{'batch_size': 32, 'bilstm_neuron': 128, 'dropout_rate': 0.4, 'lr': 0.01, 'neuron': 128, 'optimizer': 'adam'};94.91%;90.97%;99.72%;95.14%
RandomOverSampler;{'batch_size': 32, 'bilstm_neuron': 128, 'dropout_rate': 0.4, 'lr': 0.001, 'neuron': 32, 'optimizer': 'adam'};95.71%;92.64%;99.31%;95.86%
RandomOverSampler;{'batch_size': 32, 'bilstm_neuron': 128, 'dropout_rate': 0.4, 'lr': 0.001, 'neuron': 64, 'optimizer': 'adam'};95.43%;92.99%;98.27%;95.56%
RandomOverSampler;{'batch_size': 32, 'bilstm_neuron': 128, 'dropout_rate': 0.4, 'lr': 0.001, 'neuron': 128, 'optimizer': 'adam'};94.63%;90.97%;99.10%;94.86%
RandomOverSampler;{'batch_size': 32, 'bilstm_neuron': 128, 'dropout_rate': 0.4, 'lr': 0.0001, 'neuron': 32, 'optimizer': 'adam'};94.95%;91.76%;98.75%;95.13%
RandomOverSampler;{'batch_size': 32, 'bilstm_neuron': 128, 'dropout_rate': 0.4, 'lr': 0.0001, 'neuron': 64, 'optimizer': 'adam'};96.30%;93.16%;99.93%;96.42%
RandomOverSampler;{'batch_size': 32, 'bilstm_neuron': 128, 'dropout_rate': 0.4, 'lr': 0.0001, 'neuron': 128, 'optimizer': 'adam'};94.67%;91.19%;98.89%;94.88%
RandomOverSampler;{'batch_size': 32, 'bilstm_neuron': 128, 'dropout_rate': 0.5, 'lr': 0.01, 'neuron': 32, 'optimizer': 'adam'};96.23%;93.60%;99.24%;96.34%
RandomOverSampler;{'batch_size': 32, 'bilstm_neuron': 128, 'dropout_rate': 0.5, 'lr': 0.01, 'neuron': 64, 'optimizer': 'adam'};96.26%;93.10%;99.93%;96.39%
RandomOverSampler;{'batch_size': 32, 'bilstm_neuron': 128, 'dropout_rate': 0.5, 'lr': 0.01, 'neuron': 128, 'optimizer': 'adam'};93.70%;90.19%;98.06%;93.96%
RandomOverSampler;{'batch_size': 32, 'bilstm_neuron': 128, 'dropout_rate': 0.5, 'lr': 0.001, 'neuron': 32, 'optimizer': 'adam'};95.29%;91.92%;99.31%;95.47%
RandomOverSampler;{'batch_size': 32, 'bilstm_neuron': 128, 'dropout_rate': 0.5, 'lr': 0.001, 'neuron': 64, 'optimizer': 'adam'};94.70%;90.83%;99.45%;94.94%
RandomOverSampler;{'batch_size': 32, 'bilstm_neuron': 128, 'dropout_rate': 0.5, 'lr': 0.001, 'neuron': 128, 'optimizer': 'adam'};94.43%;90.42%;99.38%;94.69%
RandomOverSampler;{'batch_size': 32, 'bilstm_neuron': 128, 'dropout_rate': 0.5, 'lr': 0.0001, 'neuron': 32, 'optimizer': 'adam'};96.30%;94.01%;98.89%;96.39%
RandomOverSampler;{'batch_size': 32, 'bilstm_neuron': 128, 'dropout_rate': 0.5, 'lr': 0.0001, 'neuron': 64, 'optimizer': 'adam'};96.12%;93.70%;98.89%;96.23%
RandomOverSampler;{'batch_size': 32, 'bilstm_neuron': 128, 'dropout_rate': 0.5, 'lr': 0.0001, 'neuron': 128, 'optimizer': 'adam'};96.57%;93.64%;99.93%;96.68%
RandomOverSampler;{'batch_size': 64, 'bilstm_neuron': 32, 'dropout_rate': 0.1, 'lr': 0.01, 'neuron': 32, 'optimizer': 'adam'};94.63%;92.21%;97.51%;94.78%
RandomOverSampler;{'batch_size': 64, 'bilstm_neuron': 32, 'dropout_rate': 0.1, 'lr': 0.01, 'neuron': 64, 'optimizer': 'adam'};95.47%;92.00%;99.58%;95.64%
RandomOverSampler;{'batch_size': 64, 'bilstm_neuron': 32, 'dropout_rate': 0.1, 'lr': 0.01, 'neuron': 128, 'optimizer': 'adam'};95.43%;91.89%;99.65%;95.61%
RandomOverSampler;{'batch_size': 64, 'bilstm_neuron': 32, 'dropout_rate': 0.1, 'lr': 0.001, 'neuron': 32, 'optimizer': 'adam'};94.08%;89.66%;99.65%;94.39%
RandomOverSampler;{'batch_size': 64, 'bilstm_neuron': 32, 'dropout_rate': 0.1, 'lr': 0.001, 'neuron': 64, 'optimizer': 'adam'};93.67%;89.88%;98.41%;93.95%
RandomOverSampler;{'batch_size': 64, 'bilstm_neuron': 32, 'dropout_rate': 0.1, 'lr': 0.001, 'neuron': 128, 'optimizer': 'adam'};95.53%;92.17%;99.52%;95.70%
RandomOverSampler;{'batch_size': 64, 'bilstm_neuron': 32, 'dropout_rate': 0.1, 'lr': 0.0001, 'neuron': 32, 'optimizer': 'adam'};95.60%;92.40%;99.38%;95.76%
RandomOverSampler;{'batch_size': 64, 'bilstm_neuron': 32, 'dropout_rate': 0.1, 'lr': 0.0001, 'neuron': 64, 'optimizer': 'adam'};93.84%;89.96%;98.68%;94.12%
RandomOverSampler;{'batch_size': 64, 'bilstm_neuron': 32, 'dropout_rate': 0.1, 'lr': 0.0001, 'neuron': 128, 'optimizer': 'adam'};96.05%;92.96%;99.65%;96.19%
RandomOverSampler;{'batch_size': 64, 'bilstm_neuron': 32, 'dropout_rate': 0.2, 'lr': 0.01, 'neuron': 32, 'optimizer': 'adam'};93.87%;90.38%;98.20%;94.13%
RandomOverSampler;{'batch_size': 64, 'bilstm_neuron': 32, 'dropout_rate': 0.2, 'lr': 0.01, 'neuron': 64, 'optimizer': 'adam'};94.60%;90.76%;99.31%;94.84%
RandomOverSampler;{'batch_size': 64, 'bilstm_neuron': 32, 'dropout_rate': 0.2, 'lr': 0.01, 'neuron': 128, 'optimizer': 'adam'};95.92%;92.94%;99.38%;96.05%
RandomOverSampler;{'batch_size': 64, 'bilstm_neuron': 32, 'dropout_rate': 0.2, 'lr': 0.001, 'neuron': 32, 'optimizer': 'adam'};94.12%;89.57%;99.86%;94.43%
RandomOverSampler;{'batch_size': 64, 'bilstm_neuron': 32, 'dropout_rate': 0.2, 'lr': 0.001, 'neuron': 64, 'optimizer': 'adam'};93.42%;90.56%;96.95%;93.65%
RandomOverSampler;{'batch_size': 64, 'bilstm_neuron': 32, 'dropout_rate': 0.2, 'lr': 0.001, 'neuron': 128, 'optimizer': 'adam'};95.02%;91.72%;98.96%;95.20%
RandomOverSampler;{'batch_size': 64, 'bilstm_neuron': 32, 'dropout_rate': 0.2, 'lr': 0.0001, 'neuron': 32, 'optimizer': 'adam'};95.29%;91.44%;99.93%;95.50%
RandomOverSampler;{'batch_size': 64, 'bilstm_neuron': 32, 'dropout_rate': 0.2, 'lr': 0.0001, 'neuron': 64, 'optimizer': 'adam'};94.91%;92.58%;97.65%;95.05%
RandomOverSampler;{'batch_size': 64, 'bilstm_neuron': 32, 'dropout_rate': 0.2, 'lr': 0.0001, 'neuron': 128, 'optimizer': 'adam'};94.91%;92.30%;97.99%;95.06%
RandomOverSampler;{'batch_size': 64, 'bilstm_neuron': 32, 'dropout_rate': 0.3, 'lr': 0.01, 'neuron': 32, 'optimizer': 'adam'};94.22%;90.13%;99.31%;94.50%
RandomOverSampler;{'batch_size': 64, 'bilstm_neuron': 32, 'dropout_rate': 0.3, 'lr': 0.01, 'neuron': 64, 'optimizer': 'adam'};95.15%;91.48%;99.58%;95.36%
RandomOverSampler;{'batch_size': 64, 'bilstm_neuron': 32, 'dropout_rate': 0.3, 'lr': 0.01, 'neuron': 128, 'optimizer': 'adam'};93.63%;90.70%;97.23%;93.85%
RandomOverSampler;{'batch_size': 64, 'bilstm_neuron': 32, 'dropout_rate': 0.3, 'lr': 0.001, 'neuron': 32, 'optimizer': 'adam'};95.60%;91.97%;99.93%;95.78%
RandomOverSampler;{'batch_size': 64, 'bilstm_neuron': 32, 'dropout_rate': 0.3, 'lr': 0.001, 'neuron': 64, 'optimizer': 'adam'};94.91%;92.52%;97.71%;95.05%
RandomOverSampler;{'batch_size': 64, 'bilstm_neuron': 32, 'dropout_rate': 0.3, 'lr': 0.001, 'neuron': 128, 'optimizer': 'adam'};94.18%;89.68%;99.86%;94.50%
RandomOverSampler;{'batch_size': 64, 'bilstm_neuron': 32, 'dropout_rate': 0.3, 'lr': 0.0001, 'neuron': 32, 'optimizer': 'adam'};93.35%;89.47%;98.27%;93.66%
RandomOverSampler;{'batch_size': 64, 'bilstm_neuron': 32, 'dropout_rate': 0.3, 'lr': 0.0001, 'neuron': 64, 'optimizer': 'adam'};93.60%;89.12%;99.31%;93.94%
RandomOverSampler;{'batch_size': 64, 'bilstm_neuron': 32, 'dropout_rate': 0.3, 'lr': 0.0001, 'neuron': 128, 'optimizer': 'adam'};94.50%;91.42%;98.20%;94.69%
RandomOverSampler;{'batch_size': 64, 'bilstm_neuron': 32, 'dropout_rate': 0.4, 'lr': 0.01, 'neuron': 32, 'optimizer': 'adam'};90.65%;87.82%;94.39%;90.99%
RandomOverSampler;{'batch_size': 64, 'bilstm_neuron': 32, 'dropout_rate': 0.4, 'lr': 0.01, 'neuron': 64, 'optimizer': 'adam'};93.94%;91.01%;97.51%;94.15%
RandomOverSampler;{'batch_size': 64, 'bilstm_neuron': 32, 'dropout_rate': 0.4, 'lr': 0.01, 'neuron': 128, 'optimizer': 'adam'};91.03%;85.63%;98.61%;91.66%
RandomOverSampler;{'batch_size': 64, 'bilstm_neuron': 32, 'dropout_rate': 0.4, 'lr': 0.001, 'neuron': 32, 'optimizer': 'adam'};93.63%;91.18%;96.61%;93.81%
RandomOverSampler;{'batch_size': 64, 'bilstm_neuron': 32, 'dropout_rate': 0.4, 'lr': 0.001, 'neuron': 64, 'optimizer': 'adam'};94.22%;90.13%;99.31%;94.50%
RandomOverSampler;{'batch_size': 64, 'bilstm_neuron': 32, 'dropout_rate': 0.4, 'lr': 0.001, 'neuron': 128, 'optimizer': 'adam'};93.39%;88.79%;99.31%;93.76%
RandomOverSampler;{'batch_size': 64, 'bilstm_neuron': 32, 'dropout_rate': 0.4, 'lr': 0.0001, 'neuron': 32, 'optimizer': 'adam'};95.08%;91.89%;98.89%;95.26%
RandomOverSampler;{'batch_size': 64, 'bilstm_neuron': 32, 'dropout_rate': 0.4, 'lr': 0.0001, 'neuron': 64, 'optimizer': 'adam'};94.32%;90.82%;98.61%;94.56%
RandomOverSampler;{'batch_size': 64, 'bilstm_neuron': 32, 'dropout_rate': 0.4, 'lr': 0.0001, 'neuron': 128, 'optimizer': 'adam'};95.95%;93.11%;99.24%;96.08%
RandomOverSampler;{'batch_size': 64, 'bilstm_neuron': 32, 'dropout_rate': 0.5, 'lr': 0.01, 'neuron': 32, 'optimizer': 'adam'};95.36%;92.04%;99.31%;95.54%
RandomOverSampler;{'batch_size': 64, 'bilstm_neuron': 32, 'dropout_rate': 0.5, 'lr': 0.01, 'neuron': 64, 'optimizer': 'adam'};95.74%;92.53%;99.52%;95.90%
RandomOverSampler;{'batch_size': 64, 'bilstm_neuron': 32, 'dropout_rate': 0.5, 'lr': 0.01, 'neuron': 128, 'optimizer': 'adam'};92.49%;88.56%;97.58%;92.85%
RandomOverSampler;{'batch_size': 64, 'bilstm_neuron': 32, 'dropout_rate': 0.5, 'lr': 0.001, 'neuron': 32, 'optimizer': 'adam'};93.87%;90.53%;97.99%;94.11%
RandomOverSampler;{'batch_size': 64, 'bilstm_neuron': 32, 'dropout_rate': 0.5, 'lr': 0.001, 'neuron': 64, 'optimizer': 'adam'};93.01%;88.81%;98.41%;93.36%
RandomOverSampler;{'batch_size': 64, 'bilstm_neuron': 32, 'dropout_rate': 0.5, 'lr': 0.001, 'neuron': 128, 'optimizer': 'adam'};93.25%;88.96%;98.75%;93.60%
RandomOverSampler;{'batch_size': 64, 'bilstm_neuron': 32, 'dropout_rate': 0.5, 'lr': 0.0001, 'neuron': 32, 'optimizer': 'adam'};92.49%;87.71%;98.82%;92.93%
RandomOverSampler;{'batch_size': 64, 'bilstm_neuron': 32, 'dropout_rate': 0.5, 'lr': 0.0001, 'neuron': 64, 'optimizer': 'adam'};92.25%;88.41%;97.23%;92.61%
RandomOverSampler;{'batch_size': 64, 'bilstm_neuron': 32, 'dropout_rate': 0.5, 'lr': 0.0001, 'neuron': 128, 'optimizer': 'adam'};94.39%;91.25%;98.20%;94.60%
RandomOverSampler;{'batch_size': 64, 'bilstm_neuron': 64, 'dropout_rate': 0.1, 'lr': 0.01, 'neuron': 32, 'optimizer': 'adam'};94.91%;92.86%;97.30%;95.03%
RandomOverSampler;{'batch_size': 64, 'bilstm_neuron': 64, 'dropout_rate': 0.1, 'lr': 0.01, 'neuron': 64, 'optimizer': 'adam'};94.77%;91.05%;99.31%;95.00%
RandomOverSampler;{'batch_size': 64, 'bilstm_neuron': 64, 'dropout_rate': 0.1, 'lr': 0.01, 'neuron': 128, 'optimizer': 'adam'};94.36%;91.08%;98.34%;94.57%
RandomOverSampler;{'batch_size': 64, 'bilstm_neuron': 64, 'dropout_rate': 0.1, 'lr': 0.001, 'neuron': 32, 'optimizer': 'adam'};94.95%;93.32%;96.81%;95.04%
RandomOverSampler;{'batch_size': 64, 'bilstm_neuron': 64, 'dropout_rate': 0.1, 'lr': 0.001, 'neuron': 64, 'optimizer': 'adam'};93.94%;89.83%;99.10%;94.24%
RandomOverSampler;{'batch_size': 64, 'bilstm_neuron': 64, 'dropout_rate': 0.1, 'lr': 0.001, 'neuron': 128, 'optimizer': 'adam'};95.26%;91.76%;99.45%;95.45%
RandomOverSampler;{'batch_size': 64, 'bilstm_neuron': 64, 'dropout_rate': 0.1, 'lr': 0.0001, 'neuron': 32, 'optimizer': 'adam'};96.19%;93.20%;99.65%;96.32%
RandomOverSampler;{'batch_size': 64, 'bilstm_neuron': 64, 'dropout_rate': 0.1, 'lr': 0.0001, 'neuron': 64, 'optimizer': 'adam'};94.32%;91.18%;98.13%;94.53%
RandomOverSampler;{'batch_size': 64, 'bilstm_neuron': 64, 'dropout_rate': 0.1, 'lr': 0.0001, 'neuron': 128, 'optimizer': 'adam'};95.53%;92.50%;99.10%;95.69%
RandomOverSampler;{'batch_size': 64, 'bilstm_neuron': 64, 'dropout_rate': 0.2, 'lr': 0.01, 'neuron': 32, 'optimizer': 'adam'};95.53%;92.07%;99.65%;95.71%
RandomOverSampler;{'batch_size': 64, 'bilstm_neuron': 64, 'dropout_rate': 0.2, 'lr': 0.01, 'neuron': 64, 'optimizer': 'adam'};96.09%;93.87%;98.61%;96.18%
RandomOverSampler;{'batch_size': 64, 'bilstm_neuron': 64, 'dropout_rate': 0.2, 'lr': 0.01, 'neuron': 128, 'optimizer': 'adam'};95.36%;91.67%;99.79%;95.56%
RandomOverSampler;{'batch_size': 64, 'bilstm_neuron': 64, 'dropout_rate': 0.2, 'lr': 0.001, 'neuron': 32, 'optimizer': 'adam'};95.88%;93.39%;98.75%;95.99%
RandomOverSampler;{'batch_size': 64, 'bilstm_neuron': 64, 'dropout_rate': 0.2, 'lr': 0.001, 'neuron': 64, 'optimizer': 'adam'};96.64%;94.40%;99.17%;96.72%
RandomOverSampler;{'batch_size': 64, 'bilstm_neuron': 64, 'dropout_rate': 0.2, 'lr': 0.001, 'neuron': 128, 'optimizer': 'adam'};95.26%;92.91%;97.99%;95.38%
RandomOverSampler;{'batch_size': 64, 'bilstm_neuron': 64, 'dropout_rate': 0.2, 'lr': 0.0001, 'neuron': 32, 'optimizer': 'adam'};94.08%;91.04%;97.78%;94.29%
RandomOverSampler;{'batch_size': 64, 'bilstm_neuron': 64, 'dropout_rate': 0.2, 'lr': 0.0001, 'neuron': 64, 'optimizer': 'adam'};94.53%;90.29%;99.79%;94.80%
RandomOverSampler;{'batch_size': 64, 'bilstm_neuron': 64, 'dropout_rate': 0.2, 'lr': 0.0001, 'neuron': 128, 'optimizer': 'adam'};94.46%;91.31%;98.27%;94.66%
RandomOverSampler;{'batch_size': 64, 'bilstm_neuron': 64, 'dropout_rate': 0.3, 'lr': 0.01, 'neuron': 32, 'optimizer': 'adam'};95.57%;92.51%;99.17%;95.72%
RandomOverSampler;{'batch_size': 64, 'bilstm_neuron': 64, 'dropout_rate': 0.3, 'lr': 0.01, 'neuron': 64, 'optimizer': 'adam'};94.08%;89.71%;99.58%;94.39%
RandomOverSampler;{'batch_size': 64, 'bilstm_neuron': 64, 'dropout_rate': 0.3, 'lr': 0.01, 'neuron': 128, 'optimizer': 'adam'};94.50%;90.43%;99.52%;94.76%
RandomOverSampler;{'batch_size': 64, 'bilstm_neuron': 64, 'dropout_rate': 0.3, 'lr': 0.001, 'neuron': 32, 'optimizer': 'adam'};93.49%;90.67%;96.95%;93.71%
RandomOverSampler;{'batch_size': 64, 'bilstm_neuron': 64, 'dropout_rate': 0.3, 'lr': 0.001, 'neuron': 64, 'optimizer': 'adam'};94.01%;90.82%;97.92%;94.24%
RandomOverSampler;{'batch_size': 64, 'bilstm_neuron': 64, 'dropout_rate': 0.3, 'lr': 0.001, 'neuron': 128, 'optimizer': 'adam'};94.25%;91.33%;97.78%;94.45%
RandomOverSampler;{'batch_size': 64, 'bilstm_neuron': 64, 'dropout_rate': 0.3, 'lr': 0.0001, 'neuron': 32, 'optimizer': 'adam'};95.05%;91.30%;99.58%;95.26%
RandomOverSampler;{'batch_size': 64, 'bilstm_neuron': 64, 'dropout_rate': 0.3, 'lr': 0.0001, 'neuron': 64, 'optimizer': 'adam'};94.74%;91.09%;99.17%;94.96%
RandomOverSampler;{'batch_size': 64, 'bilstm_neuron': 64, 'dropout_rate': 0.3, 'lr': 0.0001, 'neuron': 128, 'optimizer': 'adam'};92.70%;89.34%;96.95%;92.99%
RandomOverSampler;{'batch_size': 64, 'bilstm_neuron': 64, 'dropout_rate': 0.4, 'lr': 0.01, 'neuron': 32, 'optimizer': 'adam'};93.56%;89.36%;98.89%;93.89%
RandomOverSampler;{'batch_size': 64, 'bilstm_neuron': 64, 'dropout_rate': 0.4, 'lr': 0.01, 'neuron': 64, 'optimizer': 'adam'};94.25%;90.70%;98.61%;94.49%
RandomOverSampler;{'batch_size': 64, 'bilstm_neuron': 64, 'dropout_rate': 0.4, 'lr': 0.01, 'neuron': 128, 'optimizer': 'adam'};93.39%;89.78%;97.92%;93.67%
RandomOverSampler;{'batch_size': 64, 'bilstm_neuron': 64, 'dropout_rate': 0.4, 'lr': 0.001, 'neuron': 32, 'optimizer': 'adam'};94.50%;90.13%;99.93%;94.78%
RandomOverSampler;{'batch_size': 64, 'bilstm_neuron': 64, 'dropout_rate': 0.4, 'lr': 0.001, 'neuron': 64, 'optimizer': 'adam'};94.43%;91.57%;97.85%;94.61%
RandomOverSampler;{'batch_size': 64, 'bilstm_neuron': 64, 'dropout_rate': 0.4, 'lr': 0.001, 'neuron': 128, 'optimizer': 'adam'};94.63%;90.77%;99.38%;94.88%
RandomOverSampler;{'batch_size': 64, 'bilstm_neuron': 64, 'dropout_rate': 0.4, 'lr': 0.0001, 'neuron': 32, 'optimizer': 'adam'};94.22%;92.20%;96.61%;94.35%
RandomOverSampler;{'batch_size': 64, 'bilstm_neuron': 64, 'dropout_rate': 0.4, 'lr': 0.0001, 'neuron': 64, 'optimizer': 'adam'};91.87%;87.25%;98.06%;92.34%
RandomOverSampler;{'batch_size': 64, 'bilstm_neuron': 64, 'dropout_rate': 0.4, 'lr': 0.0001, 'neuron': 128, 'optimizer': 'adam'};95.64%;92.24%;99.65%;95.81%
RandomOverSampler;{'batch_size': 64, 'bilstm_neuron': 64, 'dropout_rate': 0.5, 'lr': 0.01, 'neuron': 32, 'optimizer': 'adam'};92.07%;87.48%;98.20%;92.53%
RandomOverSampler;{'batch_size': 64, 'bilstm_neuron': 64, 'dropout_rate': 0.5, 'lr': 0.01, 'neuron': 64, 'optimizer': 'adam'};93.15%;88.70%;98.89%;93.52%
RandomOverSampler;{'batch_size': 64, 'bilstm_neuron': 64, 'dropout_rate': 0.5, 'lr': 0.01, 'neuron': 128, 'optimizer': 'adam'};93.49%;88.77%;99.58%;93.86%
RandomOverSampler;{'batch_size': 64, 'bilstm_neuron': 64, 'dropout_rate': 0.5, 'lr': 0.001, 'neuron': 32, 'optimizer': 'adam'};93.73%;90.61%;97.58%;93.96%
RandomOverSampler;{'batch_size': 64, 'bilstm_neuron': 64, 'dropout_rate': 0.5, 'lr': 0.001, 'neuron': 64, 'optimizer': 'adam'};95.22%;91.28%;100.00%;95.44%
RandomOverSampler;{'batch_size': 64, 'bilstm_neuron': 64, 'dropout_rate': 0.5, 'lr': 0.001, 'neuron': 128, 'optimizer': 'adam'};91.73%;87.63%;97.16%;92.15%
RandomOverSampler;{'batch_size': 64, 'bilstm_neuron': 64, 'dropout_rate': 0.5, 'lr': 0.0001, 'neuron': 32, 'optimizer': 'adam'};94.36%;90.67%;98.89%;94.60%
RandomOverSampler;{'batch_size': 64, 'bilstm_neuron': 64, 'dropout_rate': 0.5, 'lr': 0.0001, 'neuron': 64, 'optimizer': 'adam'};95.47%;91.68%;100.00%;95.66%
RandomOverSampler;{'batch_size': 64, 'bilstm_neuron': 64, 'dropout_rate': 0.5, 'lr': 0.0001, 'neuron': 128, 'optimizer': 'adam'};94.46%;90.63%;99.17%;94.71%
RandomOverSampler;{'batch_size': 64, 'bilstm_neuron': 128, 'dropout_rate': 0.1, 'lr': 0.01, 'neuron': 32, 'optimizer': 'adam'};96.33%;93.33%;99.79%;96.45%
RandomOverSampler;{'batch_size': 64, 'bilstm_neuron': 128, 'dropout_rate': 0.1, 'lr': 0.01, 'neuron': 64, 'optimizer': 'adam'};95.71%;92.42%;99.58%;95.87%
RandomOverSampler;{'batch_size': 64, 'bilstm_neuron': 128, 'dropout_rate': 0.1, 'lr': 0.01, 'neuron': 128, 'optimizer': 'adam'};95.29%;91.66%;99.65%;95.49%
RandomOverSampler;{'batch_size': 64, 'bilstm_neuron': 128, 'dropout_rate': 0.1, 'lr': 0.001, 'neuron': 32, 'optimizer': 'adam'};96.23%;93.77%;99.03%;96.33%
RandomOverSampler;{'batch_size': 64, 'bilstm_neuron': 128, 'dropout_rate': 0.1, 'lr': 0.001, 'neuron': 64, 'optimizer': 'adam'};95.33%;92.92%;98.13%;95.45%
RandomOverSampler;{'batch_size': 64, 'bilstm_neuron': 128, 'dropout_rate': 0.1, 'lr': 0.001, 'neuron': 128, 'optimizer': 'adam'};96.30%;93.38%;99.65%;96.42%
RandomOverSampler;{'batch_size': 64, 'bilstm_neuron': 128, 'dropout_rate': 0.1, 'lr': 0.0001, 'neuron': 32, 'optimizer': 'adam'};96.26%;93.77%;99.10%;96.36%
RandomOverSampler;{'batch_size': 64, 'bilstm_neuron': 128, 'dropout_rate': 0.1, 'lr': 0.0001, 'neuron': 64, 'optimizer': 'adam'};96.33%;94.30%;98.61%;96.41%
RandomOverSampler;{'batch_size': 64, 'bilstm_neuron': 128, 'dropout_rate': 0.1, 'lr': 0.0001, 'neuron': 128, 'optimizer': 'adam'};95.02%;91.35%;99.45%;95.23%
RandomOverSampler;{'batch_size': 64, 'bilstm_neuron': 128, 'dropout_rate': 0.2, 'lr': 0.01, 'neuron': 32, 'optimizer': 'adam'};95.74%;92.75%;99.24%;95.88%
RandomOverSampler;{'batch_size': 64, 'bilstm_neuron': 128, 'dropout_rate': 0.2, 'lr': 0.01, 'neuron': 64, 'optimizer': 'adam'};96.05%;94.16%;98.20%;96.14%
RandomOverSampler;{'batch_size': 64, 'bilstm_neuron': 128, 'dropout_rate': 0.2, 'lr': 0.01, 'neuron': 128, 'optimizer': 'adam'};95.26%;91.86%;99.31%;95.44%
RandomOverSampler;{'batch_size': 64, 'bilstm_neuron': 128, 'dropout_rate': 0.2, 'lr': 0.001, 'neuron': 32, 'optimizer': 'adam'};96.78%;94.12%;99.79%;96.87%
RandomOverSampler;{'batch_size': 64, 'bilstm_neuron': 128, 'dropout_rate': 0.2, 'lr': 0.001, 'neuron': 64, 'optimizer': 'adam'};94.74%;91.41%;98.75%;94.94%
RandomOverSampler;{'batch_size': 64, 'bilstm_neuron': 128, 'dropout_rate': 0.2, 'lr': 0.001, 'neuron': 128, 'optimizer': 'adam'};96.19%;93.48%;99.31%;96.31%
RandomOverSampler;{'batch_size': 64, 'bilstm_neuron': 128, 'dropout_rate': 0.2, 'lr': 0.0001, 'neuron': 32, 'optimizer': 'adam'};94.84%;93.02%;96.95%;94.95%
RandomOverSampler;{'batch_size': 64, 'bilstm_neuron': 128, 'dropout_rate': 0.2, 'lr': 0.0001, 'neuron': 64, 'optimizer': 'adam'};96.02%;93.18%;99.31%;96.14%
RandomOverSampler;{'batch_size': 64, 'bilstm_neuron': 128, 'dropout_rate': 0.2, 'lr': 0.0001, 'neuron': 128, 'optimizer': 'adam'};95.40%;92.59%;98.68%;95.54%
RandomOverSampler;{'batch_size': 64, 'bilstm_neuron': 128, 'dropout_rate': 0.3, 'lr': 0.01, 'neuron': 32, 'optimizer': 'adam'};96.16%;93.59%;99.10%;96.27%
RandomOverSampler;{'batch_size': 64, 'bilstm_neuron': 128, 'dropout_rate': 0.3, 'lr': 0.01, 'neuron': 64, 'optimizer': 'adam'};96.09%;93.07%;99.58%;96.22%
RandomOverSampler;{'batch_size': 64, 'bilstm_neuron': 128, 'dropout_rate': 0.3, 'lr': 0.01, 'neuron': 128, 'optimizer': 'adam'};96.16%;93.20%;99.58%;96.28%
RandomOverSampler;{'batch_size': 64, 'bilstm_neuron': 128, 'dropout_rate': 0.3, 'lr': 0.001, 'neuron': 32, 'optimizer': 'adam'};95.67%;92.85%;98.96%;95.81%
RandomOverSampler;{'batch_size': 64, 'bilstm_neuron': 128, 'dropout_rate': 0.3, 'lr': 0.001, 'neuron': 64, 'optimizer': 'adam'};96.43%;93.62%;99.65%;96.54%
RandomOverSampler;{'batch_size': 64, 'bilstm_neuron': 128, 'dropout_rate': 0.3, 'lr': 0.001, 'neuron': 128, 'optimizer': 'adam'};95.33%;92.58%;98.55%;95.47%
RandomOverSampler;{'batch_size': 64, 'bilstm_neuron': 128, 'dropout_rate': 0.3, 'lr': 0.0001, 'neuron': 32, 'optimizer': 'adam'};95.50%;92.22%;99.38%;95.67%
RandomOverSampler;{'batch_size': 64, 'bilstm_neuron': 128, 'dropout_rate': 0.3, 'lr': 0.0001, 'neuron': 64, 'optimizer': 'adam'};95.81%;92.82%;99.31%;95.95%
RandomOverSampler;{'batch_size': 64, 'bilstm_neuron': 128, 'dropout_rate': 0.3, 'lr': 0.0001, 'neuron': 128, 'optimizer': 'adam'};95.08%;91.73%;99.10%;95.27%
RandomOverSampler;{'batch_size': 64, 'bilstm_neuron': 128, 'dropout_rate': 0.4, 'lr': 0.01, 'neuron': 32, 'optimizer': 'adam'};96.19%;93.77%;98.96%;96.29%
RandomOverSampler;{'batch_size': 64, 'bilstm_neuron': 128, 'dropout_rate': 0.4, 'lr': 0.01, 'neuron': 64, 'optimizer': 'adam'};95.64%;92.30%;99.58%;95.80%
RandomOverSampler;{'batch_size': 64, 'bilstm_neuron': 128, 'dropout_rate': 0.4, 'lr': 0.01, 'neuron': 128, 'optimizer': 'adam'};93.67%;89.23%;99.31%;94.00%
RandomOverSampler;{'batch_size': 64, 'bilstm_neuron': 128, 'dropout_rate': 0.4, 'lr': 0.001, 'neuron': 32, 'optimizer': 'adam'};95.71%;92.42%;99.58%;95.87%
RandomOverSampler;{'batch_size': 64, 'bilstm_neuron': 128, 'dropout_rate': 0.4, 'lr': 0.001, 'neuron': 64, 'optimizer': 'adam'};96.40%;93.79%;99.38%;96.50%
RandomOverSampler;{'batch_size': 64, 'bilstm_neuron': 128, 'dropout_rate': 0.4, 'lr': 0.001, 'neuron': 128, 'optimizer': 'adam'};94.29%;91.07%;98.20%;94.50%
RandomOverSampler;{'batch_size': 64, 'bilstm_neuron': 128, 'dropout_rate': 0.4, 'lr': 0.0001, 'neuron': 32, 'optimizer': 'adam'};96.88%;94.31%;99.79%;96.97%
RandomOverSampler;{'batch_size': 64, 'bilstm_neuron': 128, 'dropout_rate': 0.4, 'lr': 0.0001, 'neuron': 64, 'optimizer': 'adam'};95.36%;92.15%;99.17%;95.53%
RandomOverSampler;{'batch_size': 64, 'bilstm_neuron': 128, 'dropout_rate': 0.4, 'lr': 0.0001, 'neuron': 128, 'optimizer': 'adam'};95.08%;91.52%;99.38%;95.29%
RandomOverSampler;{'batch_size': 64, 'bilstm_neuron': 128, 'dropout_rate': 0.5, 'lr': 0.01, 'neuron': 32, 'optimizer': 'adam'};96.37%;93.28%;99.93%;96.49%
RandomOverSampler;{'batch_size': 64, 'bilstm_neuron': 128, 'dropout_rate': 0.5, 'lr': 0.01, 'neuron': 64, 'optimizer': 'adam'};95.64%;93.64%;97.92%;95.73%
RandomOverSampler;{'batch_size': 64, 'bilstm_neuron': 128, 'dropout_rate': 0.5, 'lr': 0.01, 'neuron': 128, 'optimizer': 'adam'};96.54%;93.81%;99.65%;96.64%
RandomOverSampler;{'batch_size': 64, 'bilstm_neuron': 128, 'dropout_rate': 0.5, 'lr': 0.001, 'neuron': 32, 'optimizer': 'adam'};95.26%;91.86%;99.31%;95.44%
RandomOverSampler;{'batch_size': 64, 'bilstm_neuron': 128, 'dropout_rate': 0.5, 'lr': 0.001, 'neuron': 64, 'optimizer': 'adam'};95.95%;93.51%;98.75%;96.06%
RandomOverSampler;{'batch_size': 64, 'bilstm_neuron': 128, 'dropout_rate': 0.5, 'lr': 0.001, 'neuron': 128, 'optimizer': 'adam'};95.08%;91.36%;99.58%;95.29%
RandomOverSampler;{'batch_size': 64, 'bilstm_neuron': 128, 'dropout_rate': 0.5, 'lr': 0.0001, 'neuron': 32, 'optimizer': 'adam'};94.63%;92.26%;97.44%;94.78%
RandomOverSampler;{'batch_size': 64, 'bilstm_neuron': 128, 'dropout_rate': 0.5, 'lr': 0.0001, 'neuron': 64, 'optimizer': 'adam'};94.81%;91.11%;99.31%;95.03%
RandomOverSampler;{'batch_size': 64, 'bilstm_neuron': 128, 'dropout_rate': 0.5, 'lr': 0.0001, 'neuron': 128, 'optimizer': 'adam'};95.19%;92.23%;98.68%;95.35%
RandomOverSampler;{'batch_size': 128, 'bilstm_neuron': 32, 'dropout_rate': 0.1, 'lr': 0.01, 'neuron': 32, 'optimizer': 'adam'};95.50%;92.94%;98.48%;95.63%
RandomOverSampler;{'batch_size': 128, 'bilstm_neuron': 32, 'dropout_rate': 0.1, 'lr': 0.01, 'neuron': 64, 'optimizer': 'adam'};94.18%;90.33%;98.96%;94.45%
RandomOverSampler;{'batch_size': 128, 'bilstm_neuron': 32, 'dropout_rate': 0.1, 'lr': 0.01, 'neuron': 128, 'optimizer': 'adam'};94.08%;90.36%;98.68%;94.34%
RandomOverSampler;{'batch_size': 128, 'bilstm_neuron': 32, 'dropout_rate': 0.1, 'lr': 0.001, 'neuron': 32, 'optimizer': 'adam'};93.35%;89.77%;97.85%;93.64%
RandomOverSampler;{'batch_size': 128, 'bilstm_neuron': 32, 'dropout_rate': 0.1, 'lr': 0.001, 'neuron': 64, 'optimizer': 'adam'};94.08%;90.46%;98.55%;94.33%
RandomOverSampler;{'batch_size': 128, 'bilstm_neuron': 32, 'dropout_rate': 0.1, 'lr': 0.001, 'neuron': 128, 'optimizer': 'adam'};92.32%;87.76%;98.34%;92.75%
RandomOverSampler;{'batch_size': 128, 'bilstm_neuron': 32, 'dropout_rate': 0.1, 'lr': 0.0001, 'neuron': 32, 'optimizer': 'adam'};94.46%;91.10%;98.55%;94.68%
RandomOverSampler;{'batch_size': 128, 'bilstm_neuron': 32, 'dropout_rate': 0.1, 'lr': 0.0001, 'neuron': 64, 'optimizer': 'adam'};94.70%;90.47%;99.93%;94.97%
RandomOverSampler;{'batch_size': 128, 'bilstm_neuron': 32, 'dropout_rate': 0.1, 'lr': 0.0001, 'neuron': 128, 'optimizer': 'adam'};95.47%;91.74%;99.93%;95.66%
RandomOverSampler;{'batch_size': 128, 'bilstm_neuron': 32, 'dropout_rate': 0.2, 'lr': 0.01, 'neuron': 32, 'optimizer': 'adam'};92.83%;88.20%;98.89%;93.24%
RandomOverSampler;{'batch_size': 128, 'bilstm_neuron': 32, 'dropout_rate': 0.2, 'lr': 0.01, 'neuron': 64, 'optimizer': 'adam'};93.11%;89.83%;97.23%;93.38%
RandomOverSampler;{'batch_size': 128, 'bilstm_neuron': 32, 'dropout_rate': 0.2, 'lr': 0.01, 'neuron': 128, 'optimizer': 'adam'};92.87%;89.38%;97.30%;93.17%
RandomOverSampler;{'batch_size': 128, 'bilstm_neuron': 32, 'dropout_rate': 0.2, 'lr': 0.001, 'neuron': 32, 'optimizer': 'adam'};94.67%;91.72%;98.20%;94.85%
RandomOverSampler;{'batch_size': 128, 'bilstm_neuron': 32, 'dropout_rate': 0.2, 'lr': 0.001, 'neuron': 64, 'optimizer': 'adam'};94.25%;91.07%;98.13%;94.47%
RandomOverSampler;{'batch_size': 128, 'bilstm_neuron': 32, 'dropout_rate': 0.2, 'lr': 0.001, 'neuron': 128, 'optimizer': 'adam'};95.92%;92.94%;99.38%;96.05%
RandomOverSampler;{'batch_size': 128, 'bilstm_neuron': 32, 'dropout_rate': 0.2, 'lr': 0.0001, 'neuron': 32, 'optimizer': 'adam'};94.63%;91.13%;98.89%;94.85%
RandomOverSampler;{'batch_size': 128, 'bilstm_neuron': 32, 'dropout_rate': 0.2, 'lr': 0.0001, 'neuron': 64, 'optimizer': 'adam'};94.60%;91.55%;98.27%;94.79%
RandomOverSampler;{'batch_size': 128, 'bilstm_neuron': 32, 'dropout_rate': 0.2, 'lr': 0.0001, 'neuron': 128, 'optimizer': 'adam'};94.74%;91.52%;98.61%;94.93%
RandomOverSampler;{'batch_size': 128, 'bilstm_neuron': 32, 'dropout_rate': 0.3, 'lr': 0.01, 'neuron': 32, 'optimizer': 'adam'};93.84%;90.58%;97.85%;94.07%
RandomOverSampler;{'batch_size': 128, 'bilstm_neuron': 32, 'dropout_rate': 0.3, 'lr': 0.01, 'neuron': 64, 'optimizer': 'adam'};94.08%;91.30%;97.44%;94.27%
RandomOverSampler;{'batch_size': 128, 'bilstm_neuron': 32, 'dropout_rate': 0.3, 'lr': 0.01, 'neuron': 128, 'optimizer': 'adam'};94.12%;90.27%;98.89%;94.38%
RandomOverSampler;{'batch_size': 128, 'bilstm_neuron': 32, 'dropout_rate': 0.3, 'lr': 0.001, 'neuron': 32, 'optimizer': 'adam'};94.81%;91.26%;99.10%;95.02%
RandomOverSampler;{'batch_size': 128, 'bilstm_neuron': 32, 'dropout_rate': 0.3, 'lr': 0.001, 'neuron': 64, 'optimizer': 'adam'};92.94%;88.13%;99.24%;93.36%
RandomOverSampler;{'batch_size': 128, 'bilstm_neuron': 32, 'dropout_rate': 0.3, 'lr': 0.001, 'neuron': 128, 'optimizer': 'adam'};94.43%;91.15%;98.41%;94.64%
RandomOverSampler;{'batch_size': 128, 'bilstm_neuron': 32, 'dropout_rate': 0.3, 'lr': 0.0001, 'neuron': 32, 'optimizer': 'adam'};93.60%;89.32%;99.03%;93.92%
RandomOverSampler;{'batch_size': 128, 'bilstm_neuron': 32, 'dropout_rate': 0.3, 'lr': 0.0001, 'neuron': 64, 'optimizer': 'adam'};94.29%;90.91%;98.41%;94.51%
RandomOverSampler;{'batch_size': 128, 'bilstm_neuron': 32, 'dropout_rate': 0.3, 'lr': 0.0001, 'neuron': 128, 'optimizer': 'adam'};92.97%;88.42%;98.89%;93.36%
RandomOverSampler;{'batch_size': 128, 'bilstm_neuron': 32, 'dropout_rate': 0.4, 'lr': 0.01, 'neuron': 32, 'optimizer': 'adam'};94.43%;90.52%;99.24%;94.68%
RandomOverSampler;{'batch_size': 128, 'bilstm_neuron': 32, 'dropout_rate': 0.4, 'lr': 0.01, 'neuron': 64, 'optimizer': 'adam'};92.97%;88.47%;98.82%;93.36%
RandomOverSampler;{'batch_size': 128, 'bilstm_neuron': 32, 'dropout_rate': 0.4, 'lr': 0.01, 'neuron': 128, 'optimizer': 'adam'};95.08%;92.05%;98.68%;95.25%
RandomOverSampler;{'batch_size': 128, 'bilstm_neuron': 32, 'dropout_rate': 0.4, 'lr': 0.001, 'neuron': 32, 'optimizer': 'adam'};94.15%;90.32%;98.89%;94.41%
RandomOverSampler;{'batch_size': 128, 'bilstm_neuron': 32, 'dropout_rate': 0.4, 'lr': 0.001, 'neuron': 64, 'optimizer': 'adam'};93.04%;89.92%;96.95%;93.30%
RandomOverSampler;{'batch_size': 128, 'bilstm_neuron': 32, 'dropout_rate': 0.4, 'lr': 0.001, 'neuron': 128, 'optimizer': 'adam'};92.63%;87.74%;99.10%;93.07%
RandomOverSampler;{'batch_size': 128, 'bilstm_neuron': 32, 'dropout_rate': 0.4, 'lr': 0.0001, 'neuron': 32, 'optimizer': 'adam'};94.05%;90.05%;99.03%;94.33%
RandomOverSampler;{'batch_size': 128, 'bilstm_neuron': 32, 'dropout_rate': 0.4, 'lr': 0.0001, 'neuron': 64, 'optimizer': 'adam'};93.70%;89.94%;98.41%;93.98%
RandomOverSampler;{'batch_size': 128, 'bilstm_neuron': 32, 'dropout_rate': 0.4, 'lr': 0.0001, 'neuron': 128, 'optimizer': 'adam'};93.42%;89.34%;98.61%;93.75%
RandomOverSampler;{'batch_size': 128, 'bilstm_neuron': 32, 'dropout_rate': 0.5, 'lr': 0.01, 'neuron': 32, 'optimizer': 'adam'};93.01%;89.30%;97.71%;93.32%
RandomOverSampler;{'batch_size': 128, 'bilstm_neuron': 32, 'dropout_rate': 0.5, 'lr': 0.01, 'neuron': 64, 'optimizer': 'adam'};94.08%;89.91%;99.31%;94.37%
RandomOverSampler;{'batch_size': 128, 'bilstm_neuron': 32, 'dropout_rate': 0.5, 'lr': 0.01, 'neuron': 128, 'optimizer': 'adam'};91.97%;87.13%;98.48%;92.46%
RandomOverSampler;{'batch_size': 128, 'bilstm_neuron': 32, 'dropout_rate': 0.5, 'lr': 0.001, 'neuron': 32, 'optimizer': 'adam'};94.12%;89.91%;99.38%;94.41%
RandomOverSampler;{'batch_size': 128, 'bilstm_neuron': 32, 'dropout_rate': 0.5, 'lr': 0.001, 'neuron': 64, 'optimizer': 'adam'};93.42%;88.75%;99.45%;93.79%
RandomOverSampler;{'batch_size': 128, 'bilstm_neuron': 32, 'dropout_rate': 0.5, 'lr': 0.001, 'neuron': 128, 'optimizer': 'adam'};93.15%;89.33%;97.99%;93.46%
RandomOverSampler;{'batch_size': 128, 'bilstm_neuron': 32, 'dropout_rate': 0.5, 'lr': 0.0001, 'neuron': 32, 'optimizer': 'adam'};93.91%;90.69%;97.85%;94.14%
RandomOverSampler;{'batch_size': 128, 'bilstm_neuron': 32, 'dropout_rate': 0.5, 'lr': 0.0001, 'neuron': 64, 'optimizer': 'adam'};95.02%;91.77%;98.89%;95.20%
RandomOverSampler;{'batch_size': 128, 'bilstm_neuron': 32, 'dropout_rate': 0.5, 'lr': 0.0001, 'neuron': 128, 'optimizer': 'adam'};94.29%;89.89%;99.79%;94.58%
RandomOverSampler;{'batch_size': 128, 'bilstm_neuron': 64, 'dropout_rate': 0.1, 'lr': 0.01, 'neuron': 32, 'optimizer': 'adam'};92.56%;91.10%;94.32%;92.68%
RandomOverSampler;{'batch_size': 128, 'bilstm_neuron': 64, 'dropout_rate': 0.1, 'lr': 0.01, 'neuron': 64, 'optimizer': 'adam'};93.11%;91.53%;95.01%;93.24%
RandomOverSampler;{'batch_size': 128, 'bilstm_neuron': 64, 'dropout_rate': 0.1, 'lr': 0.01, 'neuron': 128, 'optimizer': 'adam'};94.15%;90.07%;99.24%;94.43%
RandomOverSampler;{'batch_size': 128, 'bilstm_neuron': 64, 'dropout_rate': 0.1, 'lr': 0.001, 'neuron': 32, 'optimizer': 'adam'};95.98%;93.06%;99.38%;96.12%
RandomOverSampler;{'batch_size': 128, 'bilstm_neuron': 64, 'dropout_rate': 0.1, 'lr': 0.001, 'neuron': 64, 'optimizer': 'adam'};94.67%;91.29%;98.75%;94.88%
RandomOverSampler;{'batch_size': 128, 'bilstm_neuron': 64, 'dropout_rate': 0.1, 'lr': 0.001, 'neuron': 128, 'optimizer': 'adam'};95.26%;91.39%;99.93%;95.47%
RandomOverSampler;{'batch_size': 128, 'bilstm_neuron': 64, 'dropout_rate': 0.1, 'lr': 0.0001, 'neuron': 32, 'optimizer': 'adam'};93.60%;90.12%;97.92%;93.86%
RandomOverSampler;{'batch_size': 128, 'bilstm_neuron': 64, 'dropout_rate': 0.1, 'lr': 0.0001, 'neuron': 64, 'optimizer': 'adam'};93.25%;88.91%;98.82%;93.60%
RandomOverSampler;{'batch_size': 128, 'bilstm_neuron': 64, 'dropout_rate': 0.1, 'lr': 0.0001, 'neuron': 128, 'optimizer': 'adam'};95.60%;93.75%;97.71%;95.69%
RandomOverSampler;{'batch_size': 128, 'bilstm_neuron': 64, 'dropout_rate': 0.2, 'lr': 0.01, 'neuron': 32, 'optimizer': 'adam'};94.74%;91.04%;99.24%;94.96%
RandomOverSampler;{'batch_size': 128, 'bilstm_neuron': 64, 'dropout_rate': 0.2, 'lr': 0.01, 'neuron': 64, 'optimizer': 'adam'};95.29%;91.82%;99.45%;95.48%
RandomOverSampler;{'batch_size': 128, 'bilstm_neuron': 64, 'dropout_rate': 0.2, 'lr': 0.01, 'neuron': 128, 'optimizer': 'adam'};94.98%;91.13%;99.65%;95.20%
RandomOverSampler;{'batch_size': 128, 'bilstm_neuron': 64, 'dropout_rate': 0.2, 'lr': 0.001, 'neuron': 32, 'optimizer': 'adam'};92.04%;90.63%;93.77%;92.17%
RandomOverSampler;{'batch_size': 128, 'bilstm_neuron': 64, 'dropout_rate': 0.2, 'lr': 0.001, 'neuron': 64, 'optimizer': 'adam'};93.35%;89.32%;98.48%;93.68%
RandomOverSampler;{'batch_size': 128, 'bilstm_neuron': 64, 'dropout_rate': 0.2, 'lr': 0.001, 'neuron': 128, 'optimizer': 'adam'};94.53%;91.86%;97.71%;94.70%
RandomOverSampler;{'batch_size': 128, 'bilstm_neuron': 64, 'dropout_rate': 0.2, 'lr': 0.0001, 'neuron': 32, 'optimizer': 'adam'};95.12%;91.47%;99.52%;95.32%
RandomOverSampler;{'batch_size': 128, 'bilstm_neuron': 64, 'dropout_rate': 0.2, 'lr': 0.0001, 'neuron': 64, 'optimizer': 'adam'};94.57%;90.60%;99.45%;94.82%
RandomOverSampler;{'batch_size': 128, 'bilstm_neuron': 64, 'dropout_rate': 0.2, 'lr': 0.0001, 'neuron': 128, 'optimizer': 'adam'};94.81%;91.42%;98.89%;95.01%
RandomOverSampler;{'batch_size': 128, 'bilstm_neuron': 64, 'dropout_rate': 0.3, 'lr': 0.01, 'neuron': 32, 'optimizer': 'adam'};94.77%;91.95%;98.13%;94.94%
RandomOverSampler;{'batch_size': 128, 'bilstm_neuron': 64, 'dropout_rate': 0.3, 'lr': 0.01, 'neuron': 64, 'optimizer': 'adam'};93.67%;89.88%;98.41%;93.95%
RandomOverSampler;{'batch_size': 128, 'bilstm_neuron': 64, 'dropout_rate': 0.3, 'lr': 0.01, 'neuron': 128, 'optimizer': 'adam'};92.63%;89.38%;96.75%;92.92%
RandomOverSampler;{'batch_size': 128, 'bilstm_neuron': 64, 'dropout_rate': 0.3, 'lr': 0.001, 'neuron': 32, 'optimizer': 'adam'};91.52%;87.45%;96.95%;91.95%
RandomOverSampler;{'batch_size': 128, 'bilstm_neuron': 64, 'dropout_rate': 0.3, 'lr': 0.001, 'neuron': 64, 'optimizer': 'adam'};94.50%;92.24%;97.16%;94.64%
RandomOverSampler;{'batch_size': 128, 'bilstm_neuron': 64, 'dropout_rate': 0.3, 'lr': 0.001, 'neuron': 128, 'optimizer': 'adam'};94.39%;90.78%;98.82%;94.63%
RandomOverSampler;{'batch_size': 128, 'bilstm_neuron': 64, 'dropout_rate': 0.3, 'lr': 0.0001, 'neuron': 32, 'optimizer': 'adam'};93.46%;89.24%;98.82%;93.79%
RandomOverSampler;{'batch_size': 128, 'bilstm_neuron': 64, 'dropout_rate': 0.3, 'lr': 0.0001, 'neuron': 64, 'optimizer': 'adam'};92.38%;88.49%;97.44%;92.75%
RandomOverSampler;{'batch_size': 128, 'bilstm_neuron': 64, 'dropout_rate': 0.3, 'lr': 0.0001, 'neuron': 128, 'optimizer': 'adam'};92.25%;88.46%;97.16%;92.61%
RandomOverSampler;{'batch_size': 128, 'bilstm_neuron': 64, 'dropout_rate': 0.4, 'lr': 0.01, 'neuron': 32, 'optimizer': 'adam'};94.01%;90.87%;97.85%;94.23%
RandomOverSampler;{'batch_size': 128, 'bilstm_neuron': 64, 'dropout_rate': 0.4, 'lr': 0.01, 'neuron': 64, 'optimizer': 'adam'};92.32%;88.52%;97.23%;92.67%
RandomOverSampler;{'batch_size': 128, 'bilstm_neuron': 64, 'dropout_rate': 0.4, 'lr': 0.01, 'neuron': 128, 'optimizer': 'adam'};92.97%;89.20%;97.78%;93.29%
RandomOverSampler;{'batch_size': 128, 'bilstm_neuron': 64, 'dropout_rate': 0.4, 'lr': 0.001, 'neuron': 32, 'optimizer': 'adam'};94.77%;91.58%;98.61%;94.96%
RandomOverSampler;{'batch_size': 128, 'bilstm_neuron': 64, 'dropout_rate': 0.4, 'lr': 0.001, 'neuron': 64, 'optimizer': 'adam'};93.39%;90.08%;97.51%;93.65%
RandomOverSampler;{'batch_size': 128, 'bilstm_neuron': 64, 'dropout_rate': 0.4, 'lr': 0.001, 'neuron': 128, 'optimizer': 'adam'};93.15%;89.73%;97.44%;93.43%
RandomOverSampler;{'batch_size': 128, 'bilstm_neuron': 64, 'dropout_rate': 0.4, 'lr': 0.0001, 'neuron': 32, 'optimizer': 'adam'};95.40%;91.94%;99.52%;95.58%
RandomOverSampler;{'batch_size': 128, 'bilstm_neuron': 64, 'dropout_rate': 0.4, 'lr': 0.0001, 'neuron': 64, 'optimizer': 'adam'};95.81%;92.43%;99.79%;95.97%
RandomOverSampler;{'batch_size': 128, 'bilstm_neuron': 64, 'dropout_rate': 0.4, 'lr': 0.0001, 'neuron': 128, 'optimizer': 'adam'};94.12%;89.91%;99.38%;94.41%
RandomOverSampler;{'batch_size': 128, 'bilstm_neuron': 64, 'dropout_rate': 0.5, 'lr': 0.01, 'neuron': 32, 'optimizer': 'adam'};93.46%;89.99%;97.78%;93.73%
RandomOverSampler;{'batch_size': 128, 'bilstm_neuron': 64, 'dropout_rate': 0.5, 'lr': 0.01, 'neuron': 64, 'optimizer': 'adam'};92.38%;88.83%;96.95%;92.72%
RandomOverSampler;{'batch_size': 128, 'bilstm_neuron': 64, 'dropout_rate': 0.5, 'lr': 0.01, 'neuron': 128, 'optimizer': 'adam'};92.11%;89.43%;95.50%;92.36%
RandomOverSampler;{'batch_size': 128, 'bilstm_neuron': 64, 'dropout_rate': 0.5, 'lr': 0.001, 'neuron': 32, 'optimizer': 'adam'};94.01%;90.40%;98.48%;94.27%
RandomOverSampler;{'batch_size': 128, 'bilstm_neuron': 64, 'dropout_rate': 0.5, 'lr': 0.001, 'neuron': 64, 'optimizer': 'adam'};94.39%;91.68%;97.65%;94.57%
RandomOverSampler;{'batch_size': 128, 'bilstm_neuron': 64, 'dropout_rate': 0.5, 'lr': 0.001, 'neuron': 128, 'optimizer': 'adam'};93.87%;89.62%;99.24%;94.18%
RandomOverSampler;{'batch_size': 128, 'bilstm_neuron': 64, 'dropout_rate': 0.5, 'lr': 0.0001, 'neuron': 32, 'optimizer': 'adam'};93.08%;89.42%;97.71%;93.38%
RandomOverSampler;{'batch_size': 128, 'bilstm_neuron': 64, 'dropout_rate': 0.5, 'lr': 0.0001, 'neuron': 64, 'optimizer': 'adam'};92.38%;88.39%;97.58%;92.76%
RandomOverSampler;{'batch_size': 128, 'bilstm_neuron': 64, 'dropout_rate': 0.5, 'lr': 0.0001, 'neuron': 128, 'optimizer': 'adam'};92.97%;88.90%;98.20%;93.32%
RandomOverSampler;{'batch_size': 128, 'bilstm_neuron': 128, 'dropout_rate': 0.1, 'lr': 0.01, 'neuron': 32, 'optimizer': 'adam'};94.81%;91.53%;98.75%;95.00%
RandomOverSampler;{'batch_size': 128, 'bilstm_neuron': 128, 'dropout_rate': 0.1, 'lr': 0.01, 'neuron': 64, 'optimizer': 'adam'};95.22%;91.91%;99.17%;95.40%
RandomOverSampler;{'batch_size': 128, 'bilstm_neuron': 128, 'dropout_rate': 0.1, 'lr': 0.01, 'neuron': 128, 'optimizer': 'adam'};95.15%;92.17%;98.68%;95.32%
RandomOverSampler;{'batch_size': 128, 'bilstm_neuron': 128, 'dropout_rate': 0.1, 'lr': 0.001, 'neuron': 32, 'optimizer': 'adam'};93.87%;90.27%;98.34%;94.13%
RandomOverSampler;{'batch_size': 128, 'bilstm_neuron': 128, 'dropout_rate': 0.1, 'lr': 0.001, 'neuron': 64, 'optimizer': 'adam'};96.85%;94.48%;99.52%;96.93%
RandomOverSampler;{'batch_size': 128, 'bilstm_neuron': 128, 'dropout_rate': 0.1, 'lr': 0.001, 'neuron': 128, 'optimizer': 'adam'};96.75%;94.12%;99.72%;96.84%
RandomOverSampler;{'batch_size': 128, 'bilstm_neuron': 128, 'dropout_rate': 0.1, 'lr': 0.0001, 'neuron': 32, 'optimizer': 'adam'};95.92%;93.16%;99.10%;96.04%
RandomOverSampler;{'batch_size': 128, 'bilstm_neuron': 128, 'dropout_rate': 0.1, 'lr': 0.0001, 'neuron': 64, 'optimizer': 'adam'};95.60%;92.51%;99.24%;95.76%
RandomOverSampler;{'batch_size': 128, 'bilstm_neuron': 128, 'dropout_rate': 0.1, 'lr': 0.0001, 'neuron': 128, 'optimizer': 'adam'};95.81%;93.04%;99.03%;95.94%
RandomOverSampler;{'batch_size': 128, 'bilstm_neuron': 128, 'dropout_rate': 0.2, 'lr': 0.01, 'neuron': 32, 'optimizer': 'adam'};95.36%;91.83%;99.58%;95.55%
RandomOverSampler;{'batch_size': 128, 'bilstm_neuron': 128, 'dropout_rate': 0.2, 'lr': 0.01, 'neuron': 64, 'optimizer': 'adam'};93.22%;90.15%;97.02%;93.46%
RandomOverSampler;{'batch_size': 128, 'bilstm_neuron': 128, 'dropout_rate': 0.2, 'lr': 0.01, 'neuron': 128, 'optimizer': 'adam'};95.36%;92.59%;98.61%;95.51%
RandomOverSampler;{'batch_size': 128, 'bilstm_neuron': 128, 'dropout_rate': 0.2, 'lr': 0.001, 'neuron': 32, 'optimizer': 'adam'};95.43%;92.32%;99.10%;95.59%
RandomOverSampler;{'batch_size': 128, 'bilstm_neuron': 128, 'dropout_rate': 0.2, 'lr': 0.001, 'neuron': 64, 'optimizer': 'adam'};93.73%;90.35%;97.92%;93.98%
RandomOverSampler;{'batch_size': 128, 'bilstm_neuron': 128, 'dropout_rate': 0.2, 'lr': 0.001, 'neuron': 128, 'optimizer': 'adam'};94.43%;91.52%;97.92%;94.61%
RandomOverSampler;{'batch_size': 128, 'bilstm_neuron': 128, 'dropout_rate': 0.2, 'lr': 0.0001, 'neuron': 32, 'optimizer': 'adam'};93.46%;89.59%;98.34%;93.76%
RandomOverSampler;{'batch_size': 128, 'bilstm_neuron': 128, 'dropout_rate': 0.2, 'lr': 0.0001, 'neuron': 64, 'optimizer': 'adam'};94.60%;91.39%;98.48%;94.80%
RandomOverSampler;{'batch_size': 128, 'bilstm_neuron': 128, 'dropout_rate': 0.2, 'lr': 0.0001, 'neuron': 128, 'optimizer': 'adam'};95.81%;93.90%;97.99%;95.90%
RandomOverSampler;{'batch_size': 128, 'bilstm_neuron': 128, 'dropout_rate': 0.3, 'lr': 0.01, 'neuron': 32, 'optimizer': 'adam'};95.22%;91.81%;99.31%;95.41%
RandomOverSampler;{'batch_size': 128, 'bilstm_neuron': 128, 'dropout_rate': 0.3, 'lr': 0.01, 'neuron': 64, 'optimizer': 'adam'};95.64%;92.74%;99.03%;95.78%
RandomOverSampler;{'batch_size': 128, 'bilstm_neuron': 128, 'dropout_rate': 0.3, 'lr': 0.01, 'neuron': 128, 'optimizer': 'adam'};94.01%;89.94%;99.10%;94.30%
RandomOverSampler;{'batch_size': 128, 'bilstm_neuron': 128, 'dropout_rate': 0.3, 'lr': 0.001, 'neuron': 32, 'optimizer': 'adam'};94.77%;91.20%;99.10%;94.99%
RandomOverSampler;{'batch_size': 128, 'bilstm_neuron': 128, 'dropout_rate': 0.3, 'lr': 0.001, 'neuron': 64, 'optimizer': 'adam'};94.84%;91.22%;99.24%;95.06%
RandomOverSampler;{'batch_size': 128, 'bilstm_neuron': 128, 'dropout_rate': 0.3, 'lr': 0.001, 'neuron': 128, 'optimizer': 'adam'};94.29%;89.94%;99.72%;94.58%
RandomOverSampler;{'batch_size': 128, 'bilstm_neuron': 128, 'dropout_rate': 0.3, 'lr': 0.0001, 'neuron': 32, 'optimizer': 'adam'};95.26%;91.60%;99.65%;95.46%
RandomOverSampler;{'batch_size': 128, 'bilstm_neuron': 128, 'dropout_rate': 0.3, 'lr': 0.0001, 'neuron': 64, 'optimizer': 'adam'};92.87%;89.23%;97.51%;93.18%
RandomOverSampler;{'batch_size': 128, 'bilstm_neuron': 128, 'dropout_rate': 0.3, 'lr': 0.0001, 'neuron': 128, 'optimizer': 'adam'};95.60%;93.18%;98.41%;95.72%
RandomOverSampler;{'batch_size': 128, 'bilstm_neuron': 128, 'dropout_rate': 0.4, 'lr': 0.01, 'neuron': 32, 'optimizer': 'adam'};93.18%;89.94%;97.23%;93.44%
RandomOverSampler;{'batch_size': 128, 'bilstm_neuron': 128, 'dropout_rate': 0.4, 'lr': 0.01, 'neuron': 64, 'optimizer': 'adam'};94.12%;90.89%;98.06%;94.34%
RandomOverSampler;{'batch_size': 128, 'bilstm_neuron': 128, 'dropout_rate': 0.4, 'lr': 0.01, 'neuron': 128, 'optimizer': 'adam'};95.67%;92.36%;99.58%;95.83%
RandomOverSampler;{'batch_size': 128, 'bilstm_neuron': 128, 'dropout_rate': 0.4, 'lr': 0.001, 'neuron': 32, 'optimizer': 'adam'};94.74%;91.79%;98.27%;94.92%
RandomOverSampler;{'batch_size': 128, 'bilstm_neuron': 128, 'dropout_rate': 0.4, 'lr': 0.001, 'neuron': 64, 'optimizer': 'adam'};95.92%;93.50%;98.68%;96.02%
RandomOverSampler;{'batch_size': 128, 'bilstm_neuron': 128, 'dropout_rate': 0.4, 'lr': 0.001, 'neuron': 128, 'optimizer': 'adam'};94.67%;90.98%;99.17%;94.90%
RandomOverSampler;{'batch_size': 128, 'bilstm_neuron': 128, 'dropout_rate': 0.4, 'lr': 0.0001, 'neuron': 32, 'optimizer': 'adam'};95.08%;91.57%;99.31%;95.28%
RandomOverSampler;{'batch_size': 128, 'bilstm_neuron': 128, 'dropout_rate': 0.4, 'lr': 0.0001, 'neuron': 64, 'optimizer': 'adam'};95.64%;92.46%;99.38%;95.79%
RandomOverSampler;{'batch_size': 128, 'bilstm_neuron': 128, 'dropout_rate': 0.4, 'lr': 0.0001, 'neuron': 128, 'optimizer': 'adam'};94.57%;90.70%;99.31%;94.81%
RandomOverSampler;{'batch_size': 128, 'bilstm_neuron': 128, 'dropout_rate': 0.5, 'lr': 0.01, 'neuron': 32, 'optimizer': 'adam'};95.02%;91.51%;99.24%;95.22%
RandomOverSampler;{'batch_size': 128, 'bilstm_neuron': 128, 'dropout_rate': 0.5, 'lr': 0.01, 'neuron': 64, 'optimizer': 'adam'};92.14%;87.82%;97.85%;92.56%
RandomOverSampler;{'batch_size': 128, 'bilstm_neuron': 128, 'dropout_rate': 0.5, 'lr': 0.01, 'neuron': 128, 'optimizer': 'adam'};94.08%;90.36%;98.68%;94.34%
RandomOverSampler;{'batch_size': 128, 'bilstm_neuron': 128, 'dropout_rate': 0.5, 'lr': 0.001, 'neuron': 32, 'optimizer': 'adam'};93.70%;89.34%;99.24%;94.03%
RandomOverSampler;{'batch_size': 128, 'bilstm_neuron': 128, 'dropout_rate': 0.5, 'lr': 0.001, 'neuron': 64, 'optimizer': 'adam'};93.35%;89.27%;98.55%;93.68%
RandomOverSampler;{'batch_size': 128, 'bilstm_neuron': 128, 'dropout_rate': 0.5, 'lr': 0.001, 'neuron': 128, 'optimizer': 'adam'};94.74%;91.20%;99.03%;94.95%
RandomOverSampler;{'batch_size': 128, 'bilstm_neuron': 128, 'dropout_rate': 0.5, 'lr': 0.0001, 'neuron': 32, 'optimizer': 'adam'};94.29%;92.72%;96.12%;94.39%
RandomOverSampler;{'batch_size': 128, 'bilstm_neuron': 128, 'dropout_rate': 0.5, 'lr': 0.0001, 'neuron': 64, 'optimizer': 'adam'};95.08%;91.36%;99.58%;95.29%
RandomOverSampler;{'batch_size': 128, 'bilstm_neuron': 128, 'dropout_rate': 0.5, 'lr': 0.0001, 'neuron': 128, 'optimizer': 'adam'};93.70%;90.04%;98.27%;93.97%
